topic_id,topic,relevance_accuracy,relevance_auc,opinion_rmse
gun,Gun Control,0.8600,,0.9546
abo,Abortion Rights,0.9515,,0.9749
clc,Climate Change,0.9425,,0.9217
sxo,LGBT+ Rights,0.9283,,0.8411
vac,Vaccine Mandate,0.7911,0.7911,1.2435
obe,Obesity,0.8730,0.7911,0.7511
soc,Social Media,0.8553,0.8418,0.6179
dpp,Death Penalty,0.9142,0.8689,1.0061
hwm,Homework,0.9073,0.8606,0.6775
minwage,Minimum Wage,0.9024,0.9021,0.8454
swe,Sex Work Legalization,0.8834,0.8564,0.7893
ubi,Universal Basic Income,0.9713,0.9298,0.8165
