topic_id,topic,labelled,agree_2plus_pct,label_-2,label_-1,label_0,label_1,label_2,irrelevant
0,United States,9994,92.94,23,95,2239,1559,496,4876
7,Corruption,9952,90.12,4642,1655,341,74,7,2250
9,Gender Equality,9976,87.51,2628,893,232,72,25,4880
10,LGBT,9972,88.85,1215,58,974,1024,462,5127
11,Marriage,9985,91.56,941,115,299,291,91,7405
12,Fertility,9941,88.17,731,497,352,302,208,6675
13,Environment,9973,93.06,467,742,1181,68,19,6804
14,Employment,9981,96.70,327,731,226,96,3,8269
15,Economy,10000,93.81,195,1305,630,340,132,6779
