topic_id1,topic_id2,similarity,dictionary_similarity
Abortion,Gun,0.4187363291900234,0.3218592657986858
Abortion,Climate,0.3972665176293463,0.1991636197539122
Abortion,LGBT,0.48154453049905,0.4020969714897756
Abortion,VACC,0.4429206142690165,0.2223037816122639
Abortion,DeathPenalty,0.4412047570672008,0.3460404495114566
Abortion,Media,0.283533618080202,0.1709677114361612
Abortion,MinimumWage,0.3444003803159888,0.1643927806089166
Abortion,UBI,0.3882430750721473,0.2132231336744199
Gun,Abortion,0.4187363291900234,0.3218592657986858
Gun,Climate,0.5726217479920352,0.2564481446225934
Gun,LGBT,0.5514020798414708,0.2297250700848579
Gun,VACC,0.5695566794610372,0.1707398457096107
Gun,DeathPenalty,0.4652468750911604,0.2037076700535284
Gun,Media,0.2892023511975977,0.1154177814180552
Gun,MinimumWage,0.386620022865701,0.1459517866167027
Gun,UBI,0.580151140303926,0.2584278500173705
Climate,Abortion,0.3972665176293463,0.1991636197539122
Climate,Gun,0.5726217479920352,0.2564481446225934
Climate,LGBT,0.55448311252018,0.1656262095470817
Climate,VACC,0.5405639871489715,0.2229745316285705
Climate,DeathPenalty,0.3643293825034574,0.163458147015186
Climate,Media,0.3157949444669246,0.1642500192144967
Climate,MinimumWage,0.3364285834323036,0.1901636176433533
Climate,UBI,0.5312474553565705,0.2377181717510116
LGBT,Abortion,0.48154453049905,0.4020969714897756
LGBT,Gun,0.5514020798414708,0.2297250700848579
LGBT,Climate,0.55448311252018,0.1656262095470817
LGBT,VACC,0.5849346553666376,0.2796837775986858
LGBT,DeathPenalty,0.4868391168457245,0.2313264556854688
LGBT,Media,0.292324416861358,0.1248271164448529
LGBT,MinimumWage,0.2899487647416311,0.1654957518215836
LGBT,UBI,0.5089399445902959,0.1006184061002083
VACC,Abortion,0.4429206142690165,0.2223037816122639
VACC,Gun,0.5695566794610372,0.1707398457096107
VACC,Climate,0.5405639871489715,0.2229745316285705
VACC,LGBT,0.5849346553666376,0.2796837775986858
VACC,DeathPenalty,0.4916786134354693,0.2194401396398152
VACC,Media,0.3584494875183011,0.1262329140132612
VACC,MinimumWage,0.2796413153285327,0.1818533801403005
VACC,UBI,0.5801379704694393,0.1253768313254719
DeathPenalty,Abortion,0.4412047570672008,0.3460404495114566
DeathPenalty,Gun,0.4652468750911604,0.2037076700535284
DeathPenalty,Climate,0.3643293825034574,0.163458147015186
DeathPenalty,LGBT,0.4868391168457245,0.2313264556854688
DeathPenalty,VACC,0.4916786134354693,0.2194401396398152
DeathPenalty,Media,0.2553312151798811,0.067710622097293
DeathPenalty,MinimumWage,0.2463669276891439,0.225968161749555
DeathPenalty,UBI,0.4664715350436798,0.186369035463229
Media,Abortion,0.283533618080202,0.1709677114361612
Media,Gun,0.2892023511975977,0.1154177814180552
Media,Climate,0.3157949444669246,0.1642500192144967
Media,LGBT,0.292324416861358,0.1248271164448529
Media,VACC,0.3584494875183011,0.1262329140132612
Media,DeathPenalty,0.2553312151798811,0.067710622097293
Media,MinimumWage,0.174510268175842,0.0649002464853705
Media,UBI,0.270853069820532,0.0991867812761366
MinimumWage,Abortion,0.3444003803159888,0.1643927806089166
MinimumWage,Gun,0.386620022865701,0.1459517866167027
MinimumWage,Climate,0.3364285834323036,0.1901636176433533
MinimumWage,LGBT,0.2899487647416311,0.1654957518215836
MinimumWage,VACC,0.2796413153285327,0.1818533801403005
MinimumWage,DeathPenalty,0.2463669276891439,0.225968161749555
MinimumWage,Media,0.174510268175842,0.0649002464853705
MinimumWage,UBI,0.4649908110775986,0.2980509204408063
UBI,Abortion,0.3882430750721473,0.2132231336744199
UBI,Gun,0.580151140303926,0.2584278500173705
UBI,Climate,0.5312474553565705,0.2377181717510116
UBI,LGBT,0.5089399445902959,0.1006184061002083
UBI,VACC,0.5801379704694393,0.1253768313254719
UBI,DeathPenalty,0.4664715350436798,0.186369035463229
UBI,Media,0.270853069820532,0.0991867812761366
UBI,MinimumWage,0.4649908110775986,0.2980509204408063
