year,tid1,tid2,Topic1,Topic2,Intersection,Correlation (Pearson),P-Value (Pearson),shuffled_pearson,shuffled_pearson_std
2016,0,1,美国,日本,423551,0.4769480064352184,0.0,-3.216511225441394e-05,0.0015274705373756804
2016,0,2,美国,俄罗斯,175232,-0.1496318877482722,0.0,-0.00010866614283158385,0.002397944787318752
2016,0,4,美国,医生,169345,-0.2680149526423805,0.0,-9.491961973130058e-06,0.002353474351257054
2016,0,5,美国,中医,69845,-0.25204689777599776,0.0,0.00011182470749299262,0.003695788338384875
2016,0,6,美国,医保,27319,-0.3640470102472447,0.0,0.0001759232974840038,0.006157887075503828
2016,0,7,美国,贪腐,113478,-0.1443266125484856,0.0,-1.2281700542688175e-05,0.002852246643753501
2016,0,9,美国,男女平等,39670,-0.06592676711523097,1.824351592912174e-39,7.434032146403277e-05,0.005093131552564087
2016,0,10,美国,LGBT,59655,0.14790130556405695,6.980391225415578e-289,-0.00013487249144422464,0.004035754999109898
2016,0,11,美国,婚姻,126907,-0.09490498198143045,1.1032624046769775e-251,0.00014682702086858167,0.0027873861605854436
2016,0,12,美国,生育,58441,-0.17239347208201994,0.0,-0.0002790260252048778,0.00412070006386591
2016,0,13,美国,能源与环境,93110,-0.25900520587490294,0.0,-0.00012767835438353813,0.003199420829425462
2016,0,14,美国,就业问题,109676,-0.2206854402112023,0.0,0.00011892689197278042,0.0029525267089067445
2016,0,15,美国,经济,105596,-0.3071919297506551,0.0,-9.96369520853383e-05,0.003071505281437973
2016,0,16,美国,疫情防控,1043,-0.4128884374466856,3.353599556708345e-44,-0.0003548210789571611,0.029733093110820084
2016,1,2,日本,俄罗斯,158181,-0.21122568613069748,0.0,-7.83793360942537e-05,0.0024694588276583554
2016,1,4,日本,医生,172676,-0.14401140251607922,0.0,8.108812205864885e-05,0.0024956511915301136
2016,1,5,日本,中医,67415,-0.0886450273654208,1.1374691933430385e-117,-2.813845308839588e-06,0.003784486547162776
2016,1,6,日本,医保,25049,-0.12287482596338598,7.382754690371706e-85,-2.5327019917559033e-05,0.00630969543320118
2016,1,7,日本,贪腐,97996,-0.09836592251183383,3.2864887737665477e-209,-7.553915311621827e-05,0.0031211696396567347
2016,1,9,日本,男女平等,39694,-0.1008608486698312,2.9401690159305797e-90,0.0002870417191605503,0.005075246896716521
2016,1,10,日本,LGBT,64184,0.07610340980296645,4.592109298271877e-83,0.00013138238617964193,0.003932978376279511
2016,1,11,日本,婚姻,146949,0.012646980244123354,1.2456361007359637e-06,1.2251934994372694e-05,0.002702839734302232
2016,1,12,日本,生育,61306,0.022023805073302143,4.934488414371713e-08,-3.5578930974721464e-05,0.003945198671747127
2016,1,13,日本,能源与环境,84169,-0.17793309957772468,0.0,2.8915904594306796e-05,0.0034625178687073305
2016,1,14,日本,就业问题,100215,-0.07299437789526052,1.9098834250865062e-118,2.9791570154821034e-05,0.0028693544251500408
2016,1,15,日本,经济,80289,-0.13501772828453304,3e-323,0.0002475287989060409,0.0035274398550413488
2016,1,16,日本,疫情防控,1012,-0.08141865297342896,0.00956452796305138,-0.0008748780030716285,0.03094881230417916
2016,2,4,俄罗斯,医生,63198,0.1106374084547775,2.7819433284264674e-171,-6.044911363027149e-05,0.003973269687697945
2016,2,5,俄罗斯,中医,28081,0.15588821126898952,3.0443049862810534e-152,-0.00021710354977003924,0.0060656475551046024
2016,2,6,俄罗斯,医保,15041,0.11989023348117606,2.832716640898585e-49,0.00011390141434010455,0.007892970083922835
2016,2,7,俄罗斯,贪腐,53734,0.03671046259845681,1.7040657959725524e-17,-0.0003015012964352123,0.004202577325292789
2016,2,9,俄罗斯,男女平等,19464,0.03426918501189274,1.7346528450704027e-06,2.4053910621757885e-05,0.007301293219327941
2016,2,10,俄罗斯,LGBT,26242,-0.04663404081044789,4.0875202042279156e-14,0.00011185930147961151,0.006149482083945091
2016,2,11,俄罗斯,婚姻,46623,-0.006744863698276887,0.1452951297466125,9.771578850345102e-05,0.004385944066186806
2016,2,12,俄罗斯,生育,24809,-0.01299159146271932,0.04072958604440487,-2.0828376792695502e-05,0.006521960134049172
2016,2,13,俄罗斯,能源与环境,43308,0.10068677642902607,5.745250146261998e-98,-3.295689224456456e-05,0.004923840351109569
2016,2,14,俄罗斯,就业问题,47105,0.07651674816302555,4.163025198270508e-62,6.400138949640565e-05,0.00463490540080677
2016,2,15,俄罗斯,经济,44123,0.08306493756102161,2.1113202203205486e-68,0.0001730769666748134,0.00480579130134526
2016,2,16,俄罗斯,疫情防控,703,0.18895931396957136,4.4947789947146026e-07,-0.0016327905851672563,0.0386417677153657
2016,4,5,医生,中医,90651,0.34764130525451714,0.0,7.189694785397021e-06,0.003393572989590296
2016,4,6,医生,医保,27404,0.4156337717276891,0.0,0.00020830231553172122,0.006143609616598941
2016,4,7,医生,贪腐,60346,0.242816460261896,0.0,-2.8257914045006924e-05,0.003979823826443635
2016,4,9,医生,男女平等,30478,0.08755773450036805,6.11092092047273e-53,0.0002627134305605387,0.0055562993637017
2016,4,10,医生,LGBT,40162,-0.06623191001398353,2.7409261070839178e-40,-0.00019974947850880676,0.0050392192730393005
2016,4,11,医生,婚姻,117590,0.05156063011777903,4.795233720632067e-70,8.86195755899516e-05,0.0030749610915405076
2016,4,12,医生,生育,61823,0.1386050718236699,9.044565841030365e-263,0.00021459505846938584,0.004115918481378774
2016,4,13,医生,能源与环境,51049,0.2309635125390673,0.0,-2.834713122666345e-06,0.00445907967125851
2016,4,14,医生,就业问题,65190,0.24750018710551697,0.0,-0.00010984450985691222,0.0038416834827432965
2016,4,15,医生,经济,40442,0.22214934078971724,0.0,0.0005243202793437662,0.00488388005785505
2016,4,16,医生,疫情防控,1009,0.3749417874666539,4.96439355706151e-35,0.001881798234153838,0.03243708655003153
2016,5,6,中医,医保,10989,0.32055054183180054,4.992690447747131e-261,0.000244765202849379,0.009593950107777739
2016,5,7,中医,贪腐,23245,0.09467103463143643,1.9996578066442692e-47,0.00012127042355304126,0.00674884788344127
2016,5,9,中医,男女平等,11562,0.014296090341254614,0.12426286238139778,-0.0002717197597586477,0.009605242460932618
2016,5,10,中医,LGBT,13690,-0.06271246321783673,2.070159575096339e-13,-0.0003226788635378972,0.008498515473937974
2016,5,11,中医,婚姻,40114,0.13079503167134382,1.5320221498530974e-152,8.701890404153347e-05,0.005114179677023062
2016,5,12,中医,生育,22357,0.2097332155111034,1.0816154111658825e-220,8.02136114773082e-05,0.006742117038414386
2016,5,13,中医,能源与环境,25429,0.15143098445778194,2.696980673858883e-130,2.6920621243542852e-05,0.006063549317552565
2016,5,14,中医,就业问题,26068,0.20468985365839903,1.3246296193714815e-244,-7.842096882463647e-05,0.006286662005835756
2016,5,15,中医,经济,18204,0.2205424822331261,2.233310265877135e-199,8.370327591338675e-05,0.007462456075473704
2016,5,16,中医,疫情防控,616,0.3177951114743817,6.377083761913013e-16,0.0013999687997362945,0.04039468909525657
2016,6,7,医保,贪腐,17627,0.3034273275474891,0.0,-6.342551248303683e-05,0.007251358137726383
2016,6,9,医保,男女平等,6952,-0.007035254700436925,0.5575450388166039,-0.00030230118173965267,0.011727276532676403
2016,6,10,医保,LGBT,5570,-0.06931391994841894,2.241165588421561e-07,-0.0002303713470715929,0.013464057809206488
2016,6,11,医保,婚姻,11502,0.1585308400317111,1.283457518894557e-65,8.996884505308384e-05,0.009318263302480924
2016,6,12,医保,生育,9578,0.2048579138758918,2.812225443846459e-91,-0.00028849603214513834,0.009862425571332871
2016,6,13,医保,能源与环境,15101,0.3301424617471254,0.0,0.0002817049600200879,0.007990509823816164
2016,6,14,医保,就业问题,17170,0.45459601123972343,0.0,0.0001955846407870846,0.0075580982072421185
2016,6,15,医保,经济,14532,0.4680915628182221,0.0,-7.301429189954826e-05,0.008319980490752265
2016,6,16,医保,疫情防控,630,0.37972951995246196,4.8426726638143696e-23,-0.0004828350676223657,0.03954456747044344
2016,7,9,贪腐,男女平等,16899,0.16014735524611637,1.7855152184773792e-97,0.00017495357222223356,0.007526527665597086
2016,7,10,贪腐,LGBT,16081,-0.054934094260402105,3.147780827235631e-12,8.718587018355012e-05,0.007799094616351803
2016,7,11,贪腐,婚姻,32143,0.014118443354765194,0.011365731093249471,-0.00021993508413795934,0.005467449310561884
2016,7,12,贪腐,生育,21442,0.05072401611879462,1.0703827830107568e-13,-0.00017101204677209616,0.006753815290311533
2016,7,13,贪腐,能源与环境,40407,0.2329767215933728,0.0,-0.00013201028177919953,0.004874266266229223
2016,7,14,贪腐,就业问题,43091,0.30950985259266284,0.0,-3.485382823694274e-05,0.004958808776804592
2016,7,15,贪腐,经济,45891,0.253478071734685,0.0,0.00015951696585552212,0.004490020375071256
2016,7,16,贪腐,疫情防控,798,0.30970040555316886,3.3638091440535317e-19,-0.0002786920873140886,0.03593068432911166
2016,9,10,男女平等,LGBT,18043,-0.07902108521334304,2.1533377507504686e-26,0.0002282912627852817,0.007434335515802364
2016,9,11,男女平等,婚姻,32019,-0.05405717312050338,3.681129269990125e-22,-0.00017259661876864728,0.005533433122350675
2016,9,12,男女平等,生育,20520,-0.05079885990960815,3.311226817821325e-13,0.00016215489814715717,0.007028443867898943
2016,9,13,男女平等,能源与环境,14445,0.10469971524731665,1.6978967898706923e-36,-0.00015439614128008464,0.00823871926447517
2016,9,14,男女平等,就业问题,19486,0.042741571520026805,2.390965475538574e-09,-0.0002018014733671726,0.007301752209799816
2016,9,15,男女平等,经济,11300,-0.06150303694996736,6.016230521545802e-11,-0.00029681896838878183,0.009433761337268712
2016,9,16,男女平等,疫情防控,490,0.07948809002564715,0.078776059464512,-0.000269486736218973,0.045049188443860126
2016,10,11,LGBT,婚姻,48776,0.02934471829500962,9.045727586512862e-11,-0.00010804200227383087,0.004654254978951946
2016,10,12,LGBT,生育,22245,-0.017843167357932718,0.007783321227222337,-0.0002533592497115291,0.006672001946733662
2016,10,13,LGBT,能源与环境,13976,-0.07396750963710064,2.029090154239557e-18,0.00023573880925317336,0.008486970638614998
2016,10,14,LGBT,就业问题,21389,-0.06902430765166566,5.1827922572032384e-24,-1.8316715221558255e-06,0.006570438818919212
2016,10,15,LGBT,经济,10863,-0.07690407595561008,1.0041702435304123e-15,-0.00010531625523831318,0.009309343901473373
2016,10,16,LGBT,疫情防控,267,-0.12293407451288384,0.044754619380291884,-0.0004996273860936133,0.06185498955537456
2016,11,12,婚姻,生育,94349,0.5021448510299773,0.0,1.2444856189079656e-05,0.003294093085014186
2016,11,13,婚姻,能源与环境,31632,0.05648436376434825,8.857829207129582e-24,0.00035799882532483234,0.005639420444731647
2016,11,14,婚姻,就业问题,63560,0.06096851595185362,2.0685835125497745e-53,-0.00032468925563570067,0.00393548006626488
2016,11,15,婚姻,经济,26931,0.13206762552125328,4.7087223431629104e-105,-0.00015968563451709966,0.005967396611813842
2016,11,16,婚姻,疫情防控,532,0.28948020511560024,9.932248223700252e-12,0.0015981647686177799,0.0427347737344886
2016,12,13,生育,能源与环境,19388,0.11085286392118818,4.5912209007849514e-54,5.948554379462456e-06,0.007192310469384349
2016,12,14,生育,就业问题,29809,0.11844009185423453,1.4147928301261275e-93,-0.00029980796517121175,0.005808930283476657
2016,12,15,生育,经济,18520,0.1963878677935317,2.0734468236591294e-160,0.00010855073127085467,0.00726000370324055
2016,12,16,生育,疫情防控,542,0.38428086429333075,1.6227033674692898e-20,-0.0025407656134550727,0.04278889845861332
2016,13,14,能源与环境,就业问题,40029,0.2822994541587876,0.0,7.833640581404172e-05,0.004873307257160252
2016,13,15,能源与环境,经济,35007,0.3065641999415208,0.0,5.717118301968543e-05,0.005318230930610252
2016,13,16,能源与环境,疫情防控,920,0.3473006684315613,1.7942372932144468e-27,-0.00013083242246215767,0.03266510859252767
2016,14,15,就业问题,经济,52883,0.45634921321232824,0.0,1.6722417913189667e-05,0.00423083635012037
2016,14,16,就业问题,疫情防控,814,0.44052073183335083,5.755713819345348e-40,-0.00019216064169003217,0.03444205468946734
2016,15,16,经济,疫情防控,625,0.44899273655963146,2.467191642173196e-32,-0.0022992623299485826,0.03955530951065753
2017,0,1,美国,日本,566845,0.39297866518976415,0.0,4.964611575000935e-06,0.0013323641460123916
2017,0,2,美国,俄罗斯,206432,-0.16612873915205636,0.0,5.6543463101893995e-05,0.002062124685106838
2017,0,4,美国,医生,224244,-0.23246554235929714,0.0,3.7976391311106763e-07,0.0021584563577552824
2017,0,5,美国,中医,110517,-0.2819333059649989,0.0,6.518984265184361e-05,0.003094655214190371
2017,0,6,美国,医保,30289,-0.388600223407408,0.0,0.00016008279554120938,0.005610048156012123
2017,0,7,美国,贪腐,121684,-0.152578931838179,0.0,-2.7046967945839412e-05,0.003036782661237569
2017,0,9,美国,男女平等,51283,-0.06854346018417087,1.8575107038789544e-54,-0.00022337981910198912,0.004565028513210424
2017,0,10,美国,LGBT,89268,0.09019837927192689,1.3290880631294966e-160,-3.88005259412397e-05,0.003342638766921716
2017,0,11,美国,婚姻,194765,-0.09035938883760336,0.0,2.9755242217716962e-05,0.0022013861548272635
2017,0,12,美国,生育,88370,-0.20662963124918074,0.0,-2.2797601104714505e-05,0.003393274068460296
2017,0,13,美国,能源与环境,129569,-0.23895841673376306,0.0,-7.90807366791619e-05,0.0027478470833420805
2017,0,14,美国,就业问题,141092,-0.20887975332947037,0.0,1.14142384991215e-05,0.0026948410262444193
2017,0,15,美国,经济,96564,-0.29179293582516985,0.0,3.449135002389777e-05,0.003135273232572024
2017,0,16,美国,疫情防控,1926,-0.4261305947314827,8.103014982821462e-86,8.037950459026e-05,0.02294601147814093
2017,1,2,日本,俄罗斯,196598,-0.20062154247779748,0.0,-2.5152152694864483e-05,0.0022222745374072157
2017,1,4,日本,医生,255338,-0.11779573113552147,0.0,3.070531426055649e-05,0.0019569663677418535
2017,1,5,日本,中医,109994,-0.09776865666713472,9.724620688890751e-232,3.188127378175913e-05,0.0029853763282599913
2017,1,6,日本,医保,29326,-0.07100442304011391,4.263483430606035e-34,0.00021460861105068255,0.005822642686916968
2017,1,7,日本,贪腐,111325,-0.07010514638814186,2.710340975340102e-121,-5.0724688544766014e-05,0.002854681532914719
2017,1,9,日本,男女平等,60037,-0.07875118825334139,3.272506040755608e-83,-0.00018500839548145535,0.004106804940331354
2017,1,10,日本,LGBT,120122,0.027742909969415672,6.773907131754299e-22,4.501760198579431e-06,0.002757758417463707
2017,1,11,日本,婚姻,275362,0.017077517517445382,3.187523121958917e-19,1.176484118433161e-05,0.0019092443436466123
2017,1,12,日本,生育,113448,0.027377398119868553,2.891879503004357e-20,9.27662492790872e-06,0.003024234233405678
2017,1,13,日本,能源与环境,120092,-0.15361192402977353,0.0,-1.5071496240007796e-05,0.002723005041431294
2017,1,14,日本,就业问题,147578,-0.03832679777058837,4.2071841656719175e-49,2.553572247947601e-05,0.002590053283274704
2017,1,15,日本,经济,74680,-0.07355120049965096,4.304338880805571e-90,6.854315745422957e-05,0.003801076975550157
2017,1,16,日本,疫情防控,1898,-0.02080172497966882,0.3650683003665717,-0.0014086677645202116,0.022615931713429033
2017,2,4,俄罗斯,医生,79163,0.09402936543121179,6.618938533590713e-155,-0.00041068536855242376,0.003461011302873714
2017,2,5,俄罗斯,中医,39590,0.13940003289543915,5.8213149900253255e-171,6.196517589936184e-05,0.004995045097767642
2017,2,6,俄罗斯,医保,16514,0.10656512232992328,6.492432719801338e-43,0.00010413069067297317,0.007906248105172244
2017,2,7,俄罗斯,贪腐,56437,0.04497473357842463,1.1388254264024817e-26,-0.00020770889160560095,0.004207492778665526
2017,2,9,俄罗斯,男女平等,25002,0.0033113362603649117,0.600581524438321,-0.0001593790056493152,0.006385123057842032
2017,2,10,俄罗斯,LGBT,36961,-0.05184022546384524,2.0053940237495275e-23,0.00018966059835100513,0.005120519488709811
2017,2,11,俄罗斯,婚姻,73740,-0.05255785799048877,2.842761074209469e-46,-0.00012207186233954633,0.003618520885926328
2017,2,12,俄罗斯,生育,37762,-0.016038944340014516,0.0018279042033495917,9.389933902001013e-05,0.005247275651173021
2017,2,13,俄罗斯,能源与环境,55497,0.08406189217147289,1.4045740270083397e-87,-0.0002166906773910361,0.004152693520774204
2017,2,14,俄罗斯,就业问题,58517,0.06452345053358785,4.969122086931194e-55,2.2417025212989363e-05,0.004076534237996237
2017,2,15,俄罗斯,经济,39789,0.07629358364376776,1.9141427734998688e-52,0.0002644071914463503,0.004970559068932358
2017,2,16,俄罗斯,疫情防控,1289,0.11384190641994364,4.1929021310501525e-05,0.00013464464992576653,0.028469848855652048
2017,4,5,医生,中医,122723,0.3385948562207197,0.0,-0.00017354184052281605,0.0027513007740897566
2017,4,6,医生,医保,30204,0.4286485470865327,0.0,-4.5612453080554746e-05,0.005815910353359945
2017,4,7,医生,贪腐,66028,0.2142518249596903,0.0,-6.143389654069545e-05,0.003903305257208238
2017,4,9,医生,男女平等,42945,0.07311862116700288,5.3895090621400525e-52,-0.00027948614027192614,0.0048216475841027905
2017,4,10,医生,LGBT,69728,-0.056270652603430296,5.132266211029674e-50,-2.498876160463509e-05,0.00362692406422998
2017,4,11,医生,婚姻,196737,0.0493553832717387,2.337407496163744e-106,-4.922616347839609e-05,0.002266283349828677
2017,4,12,医生,生育,101747,0.1312495022425829,0.0,0.0002507764892123505,0.0029769799368549593
2017,4,13,医生,能源与环境,68637,0.2201260256700593,0.0,6.202368997790281e-06,0.0037763458879118304
2017,4,14,医生,就业问题,92711,0.20668296862548366,0.0,0.00020296137878519137,0.0032125981381302443
2017,4,15,医生,经济,37842,0.2756618285492771,0.0,3.459197201395727e-05,0.0051132125010373815
2017,4,16,医生,疫情防控,1834,0.3827798330849848,4.560589159001125e-65,0.00020966117199022898,0.024302011087814837
2017,5,6,中医,医保,14589,0.37350434680863914,0.0,0.0004830303118361904,0.007986724396879369
2017,5,7,中医,贪腐,31597,0.09397738258423075,6.544116448347678e-63,-0.0003374340844447577,0.0056877897473232575
2017,5,9,中医,男女平等,18040,0.04210720168395782,1.5344662014872364e-08,0.00015909117538820248,0.007453022799832687
2017,5,10,中医,LGBT,24833,-0.04137474867454643,6.914498930347169e-11,-2.020617831547472e-05,0.006444337600283061
2017,5,11,中医,婚姻,64856,0.1273675587791174,1.1425778432560517e-232,-0.0002882827636640735,0.003950040180876774
2017,5,12,中医,生育,35913,0.26851704940928434,0.0,-1.599689252586134e-06,0.005336367610067909
2017,5,13,中医,能源与环境,35663,0.17168377232952353,5.147797657559966e-234,0.0001452871722953133,0.005346465460760391
2017,5,14,中医,就业问题,38985,0.1952303762788723,0.0,0.00025562837910925656,0.004913220205732872
2017,5,15,中医,经济,21138,0.22510221811389067,5.331009423062075e-241,-0.00038928791825403785,0.0070233863647449135
2017,5,16,中医,疫情防控,1183,0.27632456150238277,3.5534448938812847e-22,-0.0004567433894906076,0.028912563387021764
2017,6,7,医保,贪腐,19054,0.3318603307505566,0.0,0.00020083145481532592,0.007023255424382526
2017,6,9,医保,男女平等,8714,-0.0022341983507977916,0.8348150871962096,5.015788211101074e-06,0.010761004087903123
2017,6,10,医保,LGBT,7819,-0.1376618354492969,2.1739072012228203e-34,-2.6791351338705723e-05,0.011281533737837489
2017,6,11,医保,婚姻,17432,0.23084513955917413,1.414015133504552e-209,0.00046963843616763123,0.0073700774779491204
2017,6,12,医保,生育,12929,0.3286487965351882,3e-323,-0.00010878098269706054,0.008647978582154122
2017,6,13,医保,能源与环境,19436,0.33134818137414507,0.0,-0.00025609662024843316,0.007375502283986924
2017,6,14,医保,就业问题,21115,0.4843356186628018,0.0,6.601843747981035e-07,0.006864810199716396
2017,6,15,医保,经济,15424,0.4828062587802201,0.0,1.7546984107003832e-05,0.008081941099772701
2017,6,16,医保,疫情防控,1256,0.3679473210662657,1.4877827095303117e-41,0.0007485952799001918,0.0277192273348234
2017,7,9,贪腐,男女平等,21492,0.14814579356369736,1.0168729488990564e-105,-0.0003226094979699431,0.006860291992663972
2017,7,10,贪腐,LGBT,23029,-0.055826775785797284,2.2902401295680506e-17,-0.0001635539173676492,0.0067149728476864155
2017,7,11,贪腐,婚姻,50111,0.026768647199826617,2.0573098858864407e-09,0.0002492576993254978,0.004496829047220813
2017,7,12,贪腐,生育,29676,0.045270721243323195,6.077280957365215e-15,-3.589826195789479e-05,0.005896987352430918
2017,7,13,贪腐,能源与环境,52028,0.23590531783400528,0.0,-8.666708049504395e-07,0.004471113871170948
2017,7,14,贪腐,就业问题,51438,0.30815020800093507,0.0,4.946371986724218e-05,0.004400059793856676
2017,7,15,贪腐,经济,43170,0.3075997462257879,0.0,8.81541537276285e-05,0.004797857786429541
2017,7,16,贪腐,疫情防控,1630,0.27618878371911015,6.330242243221542e-30,2.9730194369136266e-05,0.02623939817627669
2017,9,10,男女平等,LGBT,30097,-0.041714464602728235,4.4974816873579766e-13,-0.0001540290695445663,0.005714621090515258
2017,9,11,男女平等,婚姻,57324,-0.03244934431670183,7.784509451059764e-15,0.00023680635360674588,0.004219469246244211
2017,9,12,男女平等,生育,34720,-0.0651372920844635,5.757945983024643e-34,1.8288918962884316e-05,0.005352820573216127
2017,9,13,男女平等,能源与环境,20477,0.08448966234767587,9.212301758521561e-34,0.00021885222202381455,0.007073664720247701
2017,9,14,男女平等,就业问题,28755,0.035219345644657264,2.317282497458351e-09,8.894676649063917e-05,0.005911759544648116
2017,9,15,男女平等,经济,13212,0.008493677444693256,0.3289564719170385,0.00017000527218202722,0.008795900576693093
2017,9,16,男女平等,疫情防控,775,0.09180868464943563,0.010554204333817358,-0.001943565725667559,0.03593829735702689
2017,10,11,LGBT,婚姻,103741,0.01811357425977688,5.392550421415902e-09,-8.36673822114658e-05,0.0028410136872955285
2017,10,12,LGBT,生育,48921,-0.029978665353297837,3.311015349330925e-11,-0.00018020614820824703,0.004432282836982763
2017,10,13,LGBT,能源与环境,21203,-0.01602665789396305,0.01961175065390724,0.0001350469002529706,0.006993557218050431
2017,10,14,LGBT,就业问题,39481,-0.06759398685914607,3.2603257995675425e-41,2.965268563953024e-05,0.005135663162671462
2017,10,15,LGBT,经济,12449,-0.13229851304108328,1.010695288715371e-49,0.00016340462183587592,0.008583724668479753
2017,10,16,LGBT,疫情防控,441,-0.2431271952563104,2.3542485015032925e-07,-0.00023451136636547286,0.048949852315003345
2017,11,12,婚姻,生育,178937,0.46405514698462635,0.0,-6.422997971146369e-05,0.0023898022949954555
2017,11,13,婚姻,能源与环境,53504,0.05351672494945858,3.053981425009202e-35,-1.4585513231919546e-06,0.004212479354102722
2017,11,14,婚姻,就业问题,114527,0.06534986158143145,1.331014919376537e-108,1.3745565203831931e-05,0.002956003792486152
2017,11,15,婚姻,经济,33139,0.15993859862004162,9.461116868697288e-189,7.576806942028365e-05,0.005435343603189064
2017,11,16,婚姻,疫情防控,963,0.26100507640374476,1.8386978903867993e-16,0.0008207800258906152,0.03185602169605279
2017,12,13,生育,能源与环境,29174,0.1010396741690164,4.5806560821666554e-67,-0.0002590732341857886,0.005772611716137259
2017,12,14,生育,就业问题,48616,0.13209787155527491,4.013438983611651e-188,-0.00013435637410800128,0.004594650297354683
2017,12,15,生育,经济,21476,0.2558973819752871,3.312157e-318,-0.00020621258125200787,0.006727356825018577
2017,12,16,生育,疫情防控,872,0.282381960050786,1.891578924001972e-17,-9.229728558409084e-05,0.03485789250564428
2017,13,14,能源与环境,就业问题,55991,0.27728229198108034,0.0,-3.335426586406017e-05,0.004462854782319722
2017,13,15,能源与环境,经济,41523,0.2933925935535517,0.0,0.00017769680211292353,0.004846319681897869
2017,13,16,能源与环境,疫情防控,1934,0.25081669892436803,3.957494112636836e-29,-0.0007589038373092392,0.022209702747517754
2017,14,15,就业问题,经济,49022,0.46331097299599927,0.0,-0.00020590812046460182,0.004429486265807458
2017,14,16,就业问题,疫情防控,1636,0.38540968752718907,4.484846705861736e-59,-3.95442123130114e-05,0.02474171570988079
2017,15,16,经济,疫情防控,1314,0.31847741105194644,2.3316623828571868e-32,-0.0007789916127656051,0.027780075660021764
2018,0,1,美国,日本,439165,0.33779672165038144,0.0,-1.5244344974641526e-05,0.0015288814855138107
2018,0,2,美国,俄罗斯,210609,-0.14420527104511682,0.0,-6.560729240458841e-05,0.0021391884479024788
2018,0,4,美国,医生,198599,-0.19224167214377208,0.0,5.521263611722777e-05,0.0022322846817324584
2018,0,5,美国,中医,83897,-0.2379265378303386,0.0,7.5311144604676004e-06,0.0033084175482932885
2018,0,6,美国,医保,35426,-0.3039392874667665,0.0,-0.0001752509938358568,0.0052666055528696855
2018,0,7,美国,贪腐,112930,-0.13496755944434388,0.0,-2.7338682214950582e-05,0.00309761090044429
2018,0,9,美国,男女平等,77881,-0.05296181210439847,1.6923711575110064e-49,-0.00010451331009345767,0.003615457395875369
2018,0,10,美国,LGBT,105168,0.10246951727937027,2.132591266998758e-243,-0.00017861950836843343,0.003073317625750453
2018,0,11,美国,婚姻,220353,-0.07794157065328214,5.9815272066030835e-294,-4.807767045952983e-05,0.002123408749433862
2018,0,12,美国,生育,127848,-0.0985760146734517,1.8674925501773085e-273,0.00014094337981824723,0.0026915424251555222
2018,0,13,美国,能源与环境,105914,-0.22079440918171672,0.0,9.96297257873374e-05,0.002940888760984817
2018,0,14,美国,就业问题,143036,-0.1804417309101669,0.0,6.971119806407036e-05,0.0026654350470326415
2018,0,15,美国,经济,113220,-0.2282701134822233,0.0,-0.00024047000270968242,0.0029835429109714333
2018,0,16,美国,疫情防控,2340,-0.39094400314971023,2.615804367905776e-86,-0.0002565416887071442,0.02098901469584124
2018,1,2,日本,俄罗斯,257136,-0.1751036748006608,0.0,6.97466229612267e-05,0.0020263148405654367
2018,1,4,日本,医生,267982,-0.11591519269534044,0.0,8.247418247759364e-06,0.0019266860378163754
2018,1,5,日本,中医,96402,-0.06502956833327485,7.685108720464079e-91,1.3035998629521615e-05,0.003301019374141059
2018,1,6,日本,医保,36366,-0.055784814405091934,1.81986460461565e-26,-0.00022476006615445053,0.00530310898892623
2018,1,7,日本,贪腐,101025,-0.059862258579134776,7.407336985492843e-81,-0.00010411363018160628,0.0031071202965505616
2018,1,9,日本,男女平等,105226,-0.05711693379957915,9.319188267143319e-77,3.0774210941783145e-05,0.00307414070472877
2018,1,10,日本,LGBT,163511,0.0707285324834181,2.4098444357725928e-180,-2.0137809473368685e-06,0.0024754832220109753
2018,1,11,日本,婚姻,359445,0.014514202076062294,3.2541397300071737e-18,-3.686169788608001e-05,0.0016605842539228976
2018,1,12,日本,生育,179564,0.053625985553909024,1.7936179580892387e-114,6.611313158148037e-05,0.002349138009473605
2018,1,13,日本,能源与环境,115110,-0.13708961646694778,0.0,-0.00018811693492890873,0.0028682989003823434
2018,1,14,日本,就业问题,167347,-0.016585578077005794,1.1588125847364298e-11,3.1710306823516664e-06,0.0024272465740738706
2018,1,15,日本,经济,90912,0.005629945477358709,0.08960033852145471,-2.8096245692500206e-05,0.0032862402482115006
2018,1,16,日本,疫情防控,2339,0.05218075463478267,0.011602816501335855,-0.0007250495270566692,0.02083892047320793
2018,2,4,俄罗斯,医生,108980,0.104726407763352,2.4453162388936184e-263,-2.2741411276231944e-05,0.0029911469145856356
2018,2,5,俄罗斯,中医,43009,0.16505687116930612,2.5800695015500065e-260,-0.00020793186402970142,0.004796547004498524
2018,2,6,俄罗斯,医保,22689,0.12472795836720532,2.420202824732197e-79,0.00024540385307405025,0.006373912964914715
2018,2,7,俄罗斯,贪腐,60802,0.032438486084635204,1.2377140453036409e-15,-2.6089003468084696e-05,0.0040580827798456795
2018,2,9,俄罗斯,男女平等,43904,0.013097703107729858,0.006061457444171645,-0.00026515235784332035,0.004706659107647243
2018,2,10,俄罗斯,LGBT,54835,-0.05281517128622823,3.5239802607115163e-35,-4.987541068486384e-05,0.004087102197349245
2018,2,11,俄罗斯,婚姻,129187,-0.010376201990560597,0.00019182937529888498,4.539348138833455e-05,0.002751068493731847
2018,2,12,俄罗斯,生育,70028,-0.03347463500685269,7.954783809772904e-19,6.603658987697722e-05,0.0037054500285318994
2018,2,13,俄罗斯,能源与环境,64411,0.07519448336188433,2.0632920367002144e-81,8.115777590215833e-05,0.003903329001542687
2018,2,14,俄罗斯,就业问题,78592,0.06881027499688937,4.172679018523022e-83,7.205817731823466e-05,0.003419011874200564
2018,2,15,俄罗斯,经济,53864,0.05787780793856221,3.3570930397942137e-41,8.027124611332703e-05,0.004174786090663533
2018,2,16,俄罗斯,疫情防控,1816,0.06439916519395329,0.0060455256439070895,0.000701934717529087,0.023464831113254935
2018,4,5,医生,中医,111547,0.3205609694610639,0.0,9.197707216527253e-06,0.00302625503763637
2018,4,6,医生,医保,40103,0.45446162772341187,0.0,6.907049372459424e-05,0.004860182319938469
2018,4,7,医生,贪腐,65662,0.22628039692561946,0.0,-8.118860444464476e-05,0.003900311737090336
2018,4,9,医生,男女平等,70185,0.06965727365369317,3.2199357029696386e-76,-0.0001506831987171487,0.003731760163347581
2018,4,10,医生,LGBT,91859,-0.06917561374018327,7.962966389786708e-98,-6.38482561208268e-05,0.0034087676599238396
2018,4,11,医生,婚姻,262216,0.04216358956030755,1.7874513422681578e-103,0.00015774022095061465,0.0019123388260541597
2018,4,12,医生,生育,145065,0.06750853884114591,4.024394267574547e-146,8.959015917083374e-05,0.0026069524510362596
2018,4,13,医生,能源与环境,71955,0.20937665357786914,0.0,-0.00017867136754921075,0.0038491789083707735
2018,4,14,医生,就业问题,114898,0.20463415391081868,0.0,3.3203074802933684e-05,0.0028852535753436013
2018,4,15,医生,经济,52215,0.23749229234268787,0.0,-3.633131309557727e-05,0.004350042987995438
2018,4,16,医生,疫情防控,2220,0.32131545306395753,1.7230130831715745e-54,-0.0007944696881596767,0.021358019221089104
2018,5,6,中医,医保,16460,0.30016523563017616,0.0,1.2789663654385525e-05,0.0074911968188970494
2018,5,7,中医,贪腐,28544,0.08684791827697623,6.439575612438791e-49,7.684235558334896e-05,0.005746766670218602
2018,5,9,中医,男女平等,24802,0.048039008355054834,3.747084267969112e-14,0.00017487937562975597,0.006433197731154454
2018,5,10,中医,LGBT,29087,-0.03264632063569218,2.5613776478612028e-08,0.00019333183045142826,0.005752163001332216
2018,5,11,中医,婚姻,77364,0.11972326877817403,7.020293620694095e-245,0.00024268815878843308,0.0036294964436823143
2018,5,12,中医,生育,47089,0.1782298738190627,0.0,0.00012605418798763155,0.0045127146493630236
2018,5,13,中医,能源与环境,31367,0.17565062012825108,9.192215377049988e-216,-0.00013407839387143285,0.00588200840152785
2018,5,14,中医,就业问题,42660,0.16311737758792813,3.722455440135772e-252,-2.6800906404056206e-05,0.0048678778582377695
2018,5,15,中医,经济,25623,0.17511987317001693,1.466503170933e-175,0.00030201855915674216,0.006396733437479714
2018,5,16,中医,疫情防控,1302,0.3290773221556613,2.948831752106147e-34,0.00010916906726163788,0.02848867980093131
2018,6,7,医保,贪腐,21217,0.3042371268840688,0.0,-7.708444675945481e-05,0.007004840321645417
2018,6,9,医保,男女平等,13243,0.03127184797866036,0.0003191368118737865,-0.000583966217937696,0.008571609132817811
2018,6,10,医保,LGBT,10258,-0.0843786831696411,1.1262221548388063e-17,8.860239962585392e-06,0.010003333827519507
2018,6,11,医保,婚姻,25644,0.13311232009121476,1.0651296691578235e-101,9.915938600025802e-05,0.005940372352309275
2018,6,12,医保,生育,20414,0.18014392235169102,1.8417938283059904e-148,-8.74837284104999e-05,0.006817444162742422
2018,6,13,医保,能源与环境,20738,0.2900603269333342,0.0,-0.00019418743308287584,0.0071614701953403425
2018,6,14,医保,就业问题,26464,0.4415069396230542,0.0,0.00016574809029066049,0.006183015352270452
2018,6,15,医保,经济,18511,0.4466835127605455,0.0,0.0005589733686121502,0.00764068037399468
2018,6,16,医保,疫情防控,1592,0.3261439022781818,9.035761826241989e-41,-3.627203783988414e-05,0.02546004747418469
2018,7,9,贪腐,男女平等,27231,0.1468966488326854,3.4039683977075946e-131,0.00012776339503336534,0.006035407398391153
2018,7,10,贪腐,LGBT,23612,-0.008717733490648772,0.1803953950448067,-0.00012755822936837065,0.006694693686973717
2018,7,11,贪腐,婚姻,54615,0.030502909942767067,1.0038292598423391e-12,0.000108577298368369,0.004502259458847244
2018,7,12,贪腐,生育,41976,0.04572799142390493,7.023575534079521e-21,-5.199232402819207e-05,0.004909225567243187
2018,7,13,贪腐,能源与环境,45500,0.2743372944664069,0.0,-0.00022055034925811748,0.004540479427814545
2018,7,14,贪腐,就业问题,52827,0.3048041607777089,0.0,-3.391801941096036e-05,0.004257409617898476
2018,7,15,贪腐,经济,46633,0.29533986944327556,0.0,0.0001460065664247542,0.004857524949081586
2018,7,16,贪腐,疫情防控,1993,0.25237640903605096,2.475423518684659e-30,-0.0008994851296017618,0.02228705291395848
2018,9,10,男女平等,LGBT,59863,-0.047487852148867186,3.071299506158522e-31,0.00018922969081273323,0.004174777993222059
2018,9,11,男女平等,婚姻,109800,-0.011250918909488695,0.00019286043209113899,-0.00014232533400319192,0.002977617086600739
2018,9,12,男女平等,生育,72042,0.004312180875660672,0.24710804353042873,3.120111866722781e-05,0.0037525780849599288
2018,9,13,男女平等,能源与环境,27658,0.09661746657304553,2.3485143017702073e-58,-0.00019143999972648685,0.006079366080599696
2018,9,14,男女平等,就业问题,47595,0.0518893528347996,9.572885262127931e-30,7.29547715553816e-06,0.00441059417887524
2018,9,15,男女平等,经济,22404,0.0036689017050628193,0.5829154427450733,0.00010335323708533215,0.006591259624164516
2018,9,16,男女平等,疫情防控,1105,0.0849170546736197,0.004732754453649035,-0.0004574913751535938,0.02966493462843417
2018,10,11,LGBT,婚姻,164465,0.05024308801163797,2.1176387798003662e-92,-5.8648434712924916e-05,0.0025364252665022145
2018,10,12,LGBT,生育,88460,0.011107512514897014,0.000954258170831152,0.00010887421222507294,0.003365201470270697
2018,10,13,LGBT,能源与环境,26418,-0.02859861617743103,3.3348380227739995e-06,-1.9528368694104374e-05,0.006089226548184912
2018,10,14,LGBT,就业问题,56266,-0.06891450157414584,3.348800394971131e-60,4.079098529809512e-05,0.0042630718812109785
2018,10,15,LGBT,经济,24070,-0.07263807175813686,1.5784769716996115e-29,1.3473919008302138e-05,0.006310864765379763
2018,10,16,LGBT,疫情防控,570,-0.21312733623718444,2.8019550211804635e-07,4.0485686828196865e-05,0.040969753182057415
2018,11,12,婚姻,生育,284486,0.4114636328938778,0.0,-1.681111877207301e-05,0.001888784124266731
2018,11,13,婚姻,能源与环境,68125,0.08703648847439385,1.1431640692950277e-114,-0.0002035841390024021,0.003937275120122398
2018,11,14,婚姻,就业问题,167275,0.052625955970738617,6.802485645577688e-103,-4.892498296839382e-06,0.0023963044099175324
2018,11,15,婚姻,经济,53880,0.14930761179898364,3.957907020089788e-266,0.00021946386771317893,0.004365560152174769
2018,11,16,婚姻,疫情防控,1399,0.2379875653859439,1.821821075325368e-19,8.267444597761076e-05,0.027665668047080025
2018,12,13,生育,能源与环境,42423,0.11548143532495635,7.12531937267833e-126,-1.5772839759528243e-05,0.0050414214997440785
2018,12,14,生育,就业问题,83848,0.06570072060054548,7.237397392851072e-81,5.2171307536898046e-05,0.0034565127041535793
2018,12,15,生育,经济,44473,0.1793700994743742,3.334666e-318,0.00020282100349923975,0.004596099113638104
2018,12,16,生育,疫情防控,1248,0.32053569945164206,3.2537934998693756e-31,-0.000878953381880605,0.02889648260085449
2018,13,14,能源与环境,就业问题,56712,0.25116256599605413,0.0,-5.7643830099784554e-05,0.0042190056171442746
2018,13,15,能源与环境,经济,37807,0.25802475516624357,0.0,-0.00015576788972260363,0.005064775132725386
2018,13,16,能源与环境,疫情防控,2243,0.28428435109105354,5.785645999362026e-43,0.0005729202170042921,0.021106514717072224
2018,14,15,就业问题,经济,61139,0.44564424210572545,0.0,3.8258944776935036e-05,0.004004738558239545
2018,14,16,就业问题,疫情防控,2073,0.43121449696317227,1.2292137662071291e-94,0.00019891410420068312,0.021824112737135533
2018,15,16,经济,疫情防控,1583,0.3990794026434024,1.3906169333620648e-61,-0.001200787348762481,0.025567514575085756
2019,0,1,美国,日本,464998,0.3029056976680441,0.0,1.251549215596353e-05,0.0015011906940486902
2019,0,2,美国,俄罗斯,169072,-0.09586569272878938,0.0,0.00011871935139258757,0.002513045115700122
2019,0,4,美国,医生,246904,-0.16622276958097662,0.0,0.00011157854473139887,0.0019738995200033337
2019,0,5,美国,中医,83057,-0.18910740612380303,0.0,-0.00010598374048685135,0.0033969857276319655
2019,0,6,美国,医保,42440,-0.20074159150745166,0.0,-0.00012674976905523516,0.004737227894791018
2019,0,7,美国,贪腐,109818,-0.10082375921533412,5.368462786825927e-246,-9.420381670894518e-05,0.002853084157158168
2019,0,9,美国,男女平等,109394,-0.0665660581213911,1.1714796231828137e-107,1.9732554818127696e-05,0.0030509624489353637
2019,0,10,美国,LGBT,126004,0.11048914327168478,0.0,-6.141913931264451e-05,0.002836388520615366
2019,0,11,美国,婚姻,274175,-0.09624147010373572,0.0,-2.469859694098492e-07,0.001822800857218923
2019,0,12,美国,生育,141699,-0.13631236444060182,0.0,-0.00015042509060976043,0.0025061245666110404
2019,0,13,美国,能源与环境,133994,-0.14007859587768734,0.0,5.22530008159134e-06,0.002741542974612714
2019,0,14,美国,就业问题,183238,-0.1104134442334599,0.0,-1.2375614786026182e-05,0.002342082967818967
2019,0,15,美国,经济,111652,-0.13394215136748674,0.0,-4.0435733548943134e-05,0.002917153857539896
2019,0,16,美国,疫情防控,2078,-0.30827068151165954,5.473312748385899e-47,0.0011649961379760069,0.022372826301816712
2019,1,2,日本,俄罗斯,170530,-0.2281728150797878,0.0,-3.1548182082512645e-05,0.002464372849542414
2019,1,4,日本,医生,318922,-0.12015339957434175,0.0,-1.1113851197515074e-05,0.0017457121952983935
2019,1,5,日本,中医,93313,-0.052534255731706336,4.976117533625431e-58,-0.00013835842883459223,0.003321299818707257
2019,1,6,日本,医保,40002,-0.016306748889830563,0.0011080636224813786,-6.623158180449432e-05,0.004786407471021502
2019,1,7,日本,贪腐,95074,-0.10377540040080165,7.273416518060338e-226,0.00014666063215511624,0.0031399246655319925
2019,1,9,日本,男女平等,131761,-0.029190379333991278,3.0460414819483657e-26,-3.3663046456251375e-05,0.0027272842068587415
2019,1,10,日本,LGBT,166496,0.056908035036973836,1.8221474833990411e-119,2.9048954488030633e-05,0.0024733853136709298
2019,1,11,日本,婚姻,400370,-0.0024468764582256932,0.12156124917240589,-4.890050664554456e-05,0.0016317765455411862
2019,1,12,日本,生育,184900,0.04006597619847049,1.4461913535225687e-66,9.164003294708414e-06,0.0022879009383877692
2019,1,13,日本,能源与环境,144648,-0.1550766366410309,0.0,3.7139391364089375e-05,0.002599944150552123
2019,1,14,日本,就业问题,202397,-0.0450305550380481,2.4273665016921688e-91,-2.6057267066313445e-06,0.0022568277659589893
2019,1,15,日本,经济,86111,-0.005422054175044971,0.11159318883427483,5.7948861200506925e-05,0.0034383685635390113
2019,1,16,日本,疫情防控,2074,0.025784838689105777,0.2404913891694872,0.0010216755893275287,0.021460230434892775
2019,2,4,俄罗斯,医生,90714,0.09490705240961736,1.6439512215168002e-180,7.837944529055461e-05,0.003327063317585055
2019,2,5,俄罗斯,中医,34409,0.12991539241783653,2.1918462094638835e-129,0.00015054331881590144,0.005092073176607723
2019,2,6,俄罗斯,医保,21679,0.08753134056845445,3.8528785217936e-38,0.00012006706046552781,0.006620420494047755
2019,2,7,俄罗斯,贪腐,48528,0.07640887198670485,9.418872743760172e-64,-8.20564121562924e-05,0.004757592611768822
2019,2,9,俄罗斯,男女平等,43477,-0.005048914252946555,0.29246357557889907,-0.00014864448272698235,0.004849307108386568
2019,2,10,俄罗斯,LGBT,46595,-0.06884414779037737,4.589050416072196e-50,0.00017575964930692008,0.004631523922778656
2019,2,11,俄罗斯,婚姻,94996,-0.015182227580769902,2.8745419984978333e-06,-2.9274223120811416e-05,0.0032274209733300354
2019,2,12,俄罗斯,生育,54062,-0.05106830763526959,1.477088755239212e-32,0.00010951848636586073,0.00427982697339849
2019,2,13,俄罗斯,能源与环境,60158,0.08470697371458928,3.2886692484467302e-96,-0.00012114198491471758,0.0041604707137795184
2019,2,14,俄罗斯,就业问题,72128,0.045246056435277085,5.2276126484515025e-34,-6.275715503205694e-05,0.00370716217919999
2019,2,15,俄罗斯,经济,43344,0.06320505878453062,1.2787244108665752e-39,0.00014795955380060056,0.004766445703365588
2019,2,16,俄罗斯,疫情防控,1394,0.06464333227139904,0.01578264830670322,0.00031741265217576585,0.02714335969552056
2019,4,5,医生,中医,125290,0.3181558682575005,0.0,0.00020996919828032988,0.0028034491135526065
2019,4,6,医生,医保,47001,0.41044019775756235,0.0,-0.0001502341273731787,0.004721185914602553
2019,4,7,医生,贪腐,69124,0.19858424771315333,0.0,3.83797872625601e-05,0.003831265120810834
2019,4,9,医生,男女平等,111496,0.030434512394837968,2.8519223905748534e-24,5.8926558549508834e-05,0.00312291697092667
2019,4,10,医生,LGBT,120101,-0.06262036324270488,1.256074775849056e-104,-2.3399470489114395e-06,0.002802493070120042
2019,4,11,医生,婚姻,365830,0.04364452715974128,1.0407875153106475e-153,2.7450744591118827e-05,0.0016744516711040631
2019,4,12,医生,生育,182425,0.07474420855562221,2.9719441785552607e-224,0.00013797296686765578,0.002353453068526532
2019,4,13,医生,能源与环境,98828,0.16712641868050773,0.0,-2.1348909518129074e-05,0.00328161650162191
2019,4,14,医生,就业问题,167584,0.18210689000029506,0.0,-6.156607204116519e-05,0.002540568489099814
2019,4,15,医生,经济,55957,0.23528826255034135,0.0,-0.00013194167071149863,0.004158315245454378
2019,4,16,医生,疫情防控,2098,0.4305721907342302,1.906421571983747e-95,-0.0013811067429257752,0.02210074585213259
2019,5,6,中医,医保,17570,0.3416449765798144,0.0,-6.315860316384228e-05,0.0077499911424121735
2019,5,7,中医,贪腐,27289,0.08555735808857713,1.646282982312353e-45,0.00016998471470163905,0.005738736722671212
2019,5,9,中医,男女平等,29724,0.0015048554108259907,0.7952987907606434,-0.0002203368244714129,0.005945249968168648
2019,5,10,中医,LGBT,30079,-0.08454434320648717,7.641901081059003e-49,0.0002903665102267564,0.005849932774710358
2019,5,11,中医,婚姻,87200,0.10091934087029292,3.916590756190812e-196,0.0001760976295990244,0.0034508088536806232
2019,5,12,中医,生育,48645,0.18155542586780712,0.0,-0.00012671187715133483,0.004296949800062539
2019,5,13,中医,能源与环境,35765,0.1237016484756939,6.024041441986609e-122,-5.551275730248019e-05,0.005365504243129665
2019,5,14,中医,就业问题,49485,0.17701676707919234,0.0,0.0003942370110916052,0.004208828543212136
2019,5,15,中医,经济,24311,0.2330198378080344,4.422955516533953e-297,0.0002420432531940241,0.006392845322213825
2019,5,16,中医,疫情防控,1245,0.318721025527058,8.60397917155742e-31,-8.523752669755624e-05,0.029032275923839612
2019,6,7,医保,贪腐,21488,0.23687965026128066,8.544721854239496e-272,-0.00035872339709552446,0.006381228266660433
2019,6,9,医保,男女平等,17087,-0.050650100375889066,3.481672813191699e-11,4.9094506761840764e-05,0.00755871103837378
2019,6,10,医保,LGBT,12554,-0.15374140117755455,2.9281376117646808e-67,-3.37470332752526e-05,0.008968597378564602
2019,6,11,医保,婚姻,32545,0.13881924598566636,9.862416372784403e-140,0.0003606526273398251,0.005481288049149128
2019,6,12,医保,生育,22033,0.17035702198374225,4.0348370984252062e-143,-0.00018507423559078562,0.006693206715327594
2019,6,13,医保,能源与环境,24095,0.18879505079915623,3.568788569897633e-192,2.9051250154334323e-05,0.0062956094366576985
2019,6,14,医保,就业问题,32852,0.38498208862873706,0.0,-0.00011481242821184497,0.005738785819804693
2019,6,15,医保,经济,20931,0.43473880952263616,0.0,-2.8008314405299077e-06,0.006822481856742442
2019,6,16,医保,疫情防控,1405,0.41385897872262184,2.974119635164275e-59,0.0013357674394859913,0.026895337439617015
2019,7,9,贪腐,男女平等,32602,0.1015743260298358,1.6650059738971592e-75,-0.0001320671722101186,0.005436023781692009
2019,7,10,贪腐,LGBT,26344,-0.044510594421588015,4.913139578187825e-13,4.675719583438043e-05,0.006097744639608309
2019,7,11,贪腐,婚姻,62188,0.02399022518079007,2.186501354904782e-09,-0.00012160965455887879,0.004032523843011065
2019,7,12,贪腐,生育,39095,0.006285945000496752,0.21392008351171676,-9.985259447889746e-05,0.005022266819401658
2019,7,13,贪腐,能源与环境,46425,0.2265583906369488,0.0,-0.00024169904554331468,0.004733699569689384
2019,7,14,贪腐,就业问题,56760,0.28757362222805793,0.0,-4.940674892432377e-06,0.004136953280160187
2019,7,15,贪腐,经济,41316,0.27906520358534176,0.0,0.00032479233145429545,0.004843728825945004
2019,7,16,贪腐,疫情防控,1647,0.2717315304836427,2.8603407851631677e-29,-0.0009928075426451537,0.024360544682256433
2019,9,10,男女平等,LGBT,75720,-0.034633880330199915,1.5280264719928606e-21,-6.590531836763149e-05,0.0037430690140115865
2019,9,11,男女平等,婚姻,157993,-0.02720786815087475,2.8726507912813704e-27,5.372986078334981e-05,0.00251945159738791
2019,9,12,男女平等,生育,92198,-0.033367367560041494,3.887801010466363e-24,-2.791019546658863e-06,0.0032630408302794746
2019,9,13,男女平等,能源与环境,45143,0.0532142024479872,1.1179140623206289e-29,1.1717674965847968e-05,0.004735875594958494
2019,9,14,男女平等,就业问题,72708,0.03628807574357193,1.2687304488853643e-22,-4.041738214694761e-05,0.003655559212770355
2019,9,15,男女平等,经济,26696,-0.03366931090064668,3.744411415796551e-08,-4.6109991475635976e-05,0.006186738475544611
2019,9,16,男女平等,疫情防控,1048,0.009087248437680915,0.7688840476211074,-0.0003842537714506054,0.03206697672402045
2019,10,11,LGBT,婚姻,183130,0.020442660472738915,2.1520696559878545e-18,9.016296736208755e-06,0.002220997258907796
2019,10,12,LGBT,生育,95048,-0.015050014677982821,3.4824138337674068e-06,0.00010186799547697042,0.0030899855710315514
2019,10,13,LGBT,能源与环境,37587,-0.02678845121091009,2.0545320220227896e-07,5.21109062426564e-06,0.005229569505103483
2019,10,14,LGBT,就业问题,71943,-0.06517371965749626,1.4498379001973595e-68,-0.0003076714241955102,0.0038031390641863412
2019,10,15,LGBT,经济,21518,-0.12420442315459768,1.005824679708587e-74,-0.00013574013446783883,0.007340846991907569
2019,10,16,LGBT,疫情防控,629,-0.22823181995363132,7.071501859661134e-09,-0.00018339034551808557,0.03812878061005422
2019,11,12,婚姻,生育,352287,0.4154888559891381,0.0,1.6474038283368153e-05,0.001696581656261729
2019,11,13,婚姻,能源与环境,101876,0.06433593824141397,6.829223528178549e-94,-2.3092866970734426e-05,0.003185804693390226
2019,11,14,婚姻,就业问题,231175,0.054774753687972355,4.4147589015597255e-153,9.458561904049853e-06,0.002096736068986394
2019,11,15,婚姻,经济,60229,0.1222924413442714,2.278782624212477e-199,0.00022234612407264149,0.004101359838553921
2019,11,16,婚姻,疫情防控,1353,0.2682847972862361,9.770230343394154e-24,-0.0006238866764527945,0.026942856829092414
2019,12,13,生育,能源与环境,55623,0.05578919068343174,1.3485614188795634e-39,3.8894490436040123e-07,0.004238002150997923
2019,12,14,生育,就业问题,106669,0.04496422826706537,7.182188031293084e-49,-5.333554474335136e-05,0.0029964173410464614
2019,12,15,生育,经济,40384,0.16058837868234777,1.9470894481432173e-231,-0.0001984620672813048,0.004936903230363905
2019,12,16,生育,疫情防控,1062,0.2215276036109067,2.8432255131812907e-13,0.0006477829619122562,0.03081631696009517
2019,13,14,能源与环境,就业问题,76500,0.21307742984527567,0.0,-0.00012674791743876835,0.0037000910110410487
2019,13,15,能源与环境,经济,41601,0.22394877944130795,0.0,0.0001233618479037458,0.004972613641263082
2019,13,16,能源与环境,疫情防控,1991,0.3280016360657728,3.7463589793580976e-51,-0.000996053832150629,0.02236345304825642
2019,14,15,就业问题,经济,69629,0.45656634670230994,0.0,4.4709779772827765e-05,0.0038391722177647854
2019,14,16,就业问题,疫情防控,1901,0.48795638763304733,2.7218236741496484e-114,-0.0004019418244926295,0.022604753940349807
2019,15,16,经济,疫情防控,1389,0.41283921549960095,2.7280877680125074e-58,0.00018604214569194156,0.02694429309097108
2020,0,1,美国,日本,456318,0.25362879298538527,0.0,2.742429102810023e-05,0.00149402224182764
2020,0,2,美国,俄罗斯,172342,-0.06441372871058443,7.545144107690324e-158,3.011581366691801e-05,0.002312964328161538
2020,0,4,美国,医生,402515,-0.11856038304511528,0.0,-5.985593612964864e-06,0.0016019740324846987
2020,0,5,美国,中医,142058,-0.07967073852382622,1.0008698027157365e-198,-4.228722106629964e-05,0.0026423107571968006
2020,0,6,美国,医保,56565,-0.2099577741756074,0.0,-0.00015579652073551443,0.00405614229900655
2020,0,7,美国,贪腐,114410,-0.08503196549221136,1.4507963376302106e-182,1.0888304298691134e-05,0.0028362829761460163
2020,0,9,美国,男女平等,142512,-0.053720401598159065,1.442878945396605e-91,-5.4008206837807836e-05,0.002668925405642728
2020,0,10,美国,LGBT,132678,0.1493356823881806,0.0,3.228700258089977e-05,0.0027540083660145347
2020,0,11,美国,婚姻,304158,-0.10897058479493116,0.0,-1.9694982357104402e-05,0.0017934137137151935
2020,0,12,美国,生育,163395,-0.14359107619372571,0.0,7.168613981482368e-05,0.0024903519466251602
2020,0,13,美国,能源与环境,123326,-0.0953644376367862,5.247070343990414e-247,-0.00019399682980335414,0.0027856743206114555
2020,0,14,美国,就业问题,234799,-0.09174001654416841,0.0,3.082011198778252e-05,0.002182280128106213
2020,0,15,美国,经济,111002,-0.15860325661388383,0.0,-0.000164970051384403,0.0031144984549409983
2020,0,16,美国,疫情防控,253653,-0.13464125410918207,0.0,-5.6036221851207717e-05,0.001914509497471624
2020,1,2,日本,俄罗斯,148971,-0.19716925392021198,0.0,2.7360031453471655e-05,0.0026695932661110373
2020,1,4,日本,医生,381830,-0.003812694828556845,0.01847509231463137,4.286099160545995e-06,0.0016832714609068553
2020,1,5,日本,中医,119281,-0.025237204953181564,2.8443430394986378e-18,-0.00011427132924134236,0.002906910988820973
2020,1,6,日本,医保,47952,-0.06631315290658645,7.07845386158941e-48,-5.4622482258665104e-05,0.004483027843396905
2020,1,7,日本,贪腐,90471,-0.019963327678016136,1.91138028161134e-09,0.00017247709012317564,0.0032588617796629033
2020,1,9,日本,男女平等,129673,-0.06557327931610984,1.5593525335512824e-123,3.143850150458161e-05,0.0027450560904004368
2020,1,10,日本,LGBT,131680,0.10807980689600812,0.0,-3.361933896863479e-05,0.002711798126362317
2020,1,11,日本,婚姻,304771,-0.024668809216296602,3.0167704856125523e-42,3.427045851146938e-05,0.0018078234604584288
2020,1,12,日本,生育,157394,-0.017450577232217535,4.4023210225920485e-12,3.7210322542296736e-05,0.0025463611097624014
2020,1,13,日本,能源与环境,121917,-0.062058844462027134,2.5759216701511003e-104,9.881934100994988e-05,0.0029094886958883565
2020,1,14,日本,就业问题,204012,-0.01875033020230345,2.458502091514748e-17,-6.12647518665396e-05,0.0022776942603991725
2020,1,15,日本,经济,81800,0.005355129645670631,0.1256231226136633,5.272487111546455e-05,0.003469840641334128
2020,1,16,日本,疫情防控,206129,0.049812739475836275,2.215658745489976e-113,5.442125735016057e-05,0.0022036694765541604
2020,2,4,俄罗斯,医生,119323,0.13852579253170613,0.0,8.251586058971832e-05,0.002881018573419708
2020,2,5,俄罗斯,中医,54185,0.12787141801958854,2.8550558935456134e-196,0.00013211841822081982,0.004161632671136272
2020,2,6,俄罗斯,医保,26932,0.10847750736609675,2.686111811086066e-71,-2.9872024565516797e-06,0.005946904809561328
2020,2,7,俄罗斯,贪腐,48882,0.02994404571875604,3.5502733546756944e-11,1.8857253806205364e-05,0.004541101452777276
2020,2,9,俄罗斯,男女平等,46064,-0.009378952656128559,0.04411991628987284,-0.00020646532953586688,0.0047105477244451625
2020,2,10,俄罗斯,LGBT,39113,-0.05688749511728541,2.0816585142640056e-29,0.00015526332808300298,0.005224676401426116
2020,2,11,俄罗斯,婚姻,81680,-0.0032833024900767384,0.34806631904105,0.00013956466662051837,0.0032829472948537764
2020,2,12,俄罗斯,生育,51306,-0.041106392284721884,1.2235752074557443e-20,-0.00010291356015484498,0.004401439603070279
2020,2,13,俄罗斯,能源与环境,51445,0.07492587481944063,6.0589446826418145e-65,-4.24062641264759e-05,0.004378552477289926
2020,2,14,俄罗斯,就业问题,81051,0.053469601479324266,2.1301592231622668e-52,0.00026022873044812716,0.003563347369487259
2020,2,15,俄罗斯,经济,45110,0.07193788750673412,7.83959496334813e-53,-1.232467949104311e-05,0.004612644799277276
2020,2,16,俄罗斯,疫情防控,89582,0.09150358364194014,8.090272643619756e-166,-5.218940111160623e-05,0.0033362633407306662
2020,4,5,医生,中医,168919,0.2794243738937047,0.0,-7.0851762358109525e-06,0.0024159338219148893
2020,4,6,医生,医保,59382,0.4087829307646237,0.0,-0.0002378347757338819,0.0041949280485247785
2020,4,7,医生,贪腐,94507,0.16682749627997215,0.0,6.955622097772119e-06,0.003339302621241965
2020,4,9,医生,男女平等,142523,0.02239215053794271,2.802392060522673e-17,3.55587384331505e-05,0.0025855036664320596
2020,4,10,医生,LGBT,126563,-0.14907219330161997,0.0,5.0750317724925796e-05,0.002765093234057217
2020,4,11,医生,婚姻,389915,0.09590228460374725,0.0,-8.796608786497406e-08,0.0015649225322219892
2020,4,12,医生,生育,193713,0.08881145180067027,0.0,-0.0001720252324241757,0.002207420811358526
2020,4,13,医生,能源与环境,140161,0.18787253322551165,0.0,0.0001448745286861281,0.0027036285466151833
2020,4,14,医生,就业问题,227528,0.1947508462711776,0.0,-1.2556453632712599e-05,0.002054250958671907
2020,4,15,医生,经济,73637,0.3047446837042384,0.0,-0.00021779882271484672,0.0036859126303019026
2020,4,16,医生,疫情防控,250661,0.4225085150278594,0.0,3.501568650164206e-05,0.002102856240817281
2020,5,6,中医,医保,28415,0.25314032456964275,0.0,-0.00034185023717246454,0.005978187213553965
2020,5,7,中医,贪腐,43094,0.030363949036411948,2.8902951884479276e-10,-0.0002448373098831182,0.004864975586899371
2020,5,9,中医,男女平等,42221,-0.031058175808880956,1.7353068856828053e-10,0.0003216198163656781,0.004825177627425113
2020,5,10,中医,LGBT,34715,-0.11091954299386136,1.8682201815081925e-95,-9.123297699337373e-05,0.00543030563565663
2020,5,11,中医,婚姻,93631,0.1101213740923619,2.0662818122204545e-250,-9.383420658998959e-05,0.003320021023848575
2020,5,12,中医,生育,55208,0.1480695993313131,4.051730102123907e-268,0.00011128287315324262,0.004313721743736979
2020,5,13,中医,能源与环境,44513,0.06138370743243994,1.9922001490459273e-38,0.00015223805572965593,0.004767784872775921
2020,5,14,中医,就业问题,78088,0.11045920220604996,1.7923163571282858e-210,-3.740672279698926e-05,0.0035978737741768673
2020,5,15,中医,经济,39323,0.18325229595235415,4.821800760455681e-294,-8.872419658690997e-05,0.004928567608853607
2020,5,16,中医,疫情防控,86443,0.2631103756675043,0.0,-4.483791568163665e-05,0.0032714645538144712
2020,6,7,医保,贪腐,24730,0.2336879121441786,6.174876894348739e-304,-0.0002142669005904689,0.006601054348510095
2020,6,9,医保,男女平等,23008,-0.013384341612903302,0.042339311213498244,-0.00010329862414697335,0.006622201034920634
2020,6,10,医保,LGBT,14381,-0.17071512183878593,1.739735735355907e-94,6.574891258896605e-06,0.008063902190597992
2020,6,11,医保,婚姻,36435,0.17401392135828506,1.3080319784218802e-245,-0.00011103231229881539,0.005250016818350425
2020,6,12,医保,生育,25230,0.14857106954755575,1.7851068223562994e-124,-6.768567598000845e-05,0.006298418928296752
2020,6,13,医保,能源与环境,26214,0.20884060922365105,3.5398017492469267e-256,0.000236042493007196,0.006125354467244865
2020,6,14,医保,就业问题,42937,0.3449112445649128,0.0,0.00010161336499762742,0.0048600160683448905
2020,6,15,医保,经济,24190,0.3884633455447648,0.0,-2.150040588055536e-05,0.006520464946263004
2020,6,16,医保,疫情防控,48202,0.38149198992269323,0.0,0.0001138359642696588,0.0046182722106866345
2020,7,9,贪腐,男女平等,37945,0.08719312530333344,6.183926935448097e-65,-0.0003216956558875798,0.005232825824191984
2020,7,10,贪腐,LGBT,26950,-0.017749339371919456,0.0035693655689863456,-0.00017833364366690127,0.006306290336781908
2020,7,11,贪腐,婚姻,61436,0.01958609651457113,1.2036676065903682e-06,0.00013123976476095623,0.004040536944119586
2020,7,12,贪腐,生育,39718,0.020625027728013917,3.9438107404395684e-05,-1.4506951669062768e-05,0.005015960260499074
2020,7,13,贪腐,能源与环境,38462,0.23501657003504386,0.0,8.007159767065091e-05,0.005074011241491199
2020,7,14,贪腐,就业问题,62927,0.3073938880664753,0.0,2.0812452447909233e-05,0.004013640085427045
2020,7,15,贪腐,经济,37576,0.2439308997349652,0.0,4.2032629595662165e-05,0.005058756884112809
2020,7,16,贪腐,疫情防控,68623,0.23717440111472282,0.0,-1.2936898649434119e-05,0.0037695437639833815
2020,9,10,男女平等,LGBT,78583,-0.028955611749732223,4.715878818926422e-16,-6.422729455433486e-05,0.0037063981903160447
2020,9,11,男女平等,婚姻,169839,0.004254679025626811,0.07953109870835463,-4.1286735337234595e-05,0.0024165385930694228
2020,9,12,男女平等,生育,104457,-0.019311631394763048,4.320397815899615e-10,0.0001206657097806381,0.003101229019564015
2020,9,13,男女平等,能源与环境,40097,0.07481788620253599,7.094896498852502e-51,0.0002601667555152114,0.005046704049003792
2020,9,14,男女平等,就业问题,81391,0.05380335358264501,3.0121031499928883e-53,0.00013322599561014088,0.00341550770919142
2020,9,15,男女平等,经济,27072,-0.04644945019466211,2.0673649486464085e-14,-0.0004209721197887358,0.006052549367090287
2020,9,16,男女平等,疫情防控,65447,-0.021828530790542994,2.3387927476387943e-08,-0.0001244074302603198,0.0037794128906312344
2020,10,11,LGBT,婚姻,154064,-0.029705116131504235,1.9923477411811248e-31,-4.854783636337156e-05,0.002580268967184639
2020,10,12,LGBT,生育,85493,-0.03253148976240844,1.8290208041654434e-21,-9.3049905932319e-05,0.003586516072137655
2020,10,13,LGBT,能源与环境,27863,-0.04121362667661665,5.898408489552394e-12,0.00020455506519106425,0.006026616221195138
2020,10,14,LGBT,就业问题,67423,-0.04669138851963204,7.302771297904325e-34,-0.00010105087090988848,0.0039010813502790413
2020,10,15,LGBT,经济,18427,-0.1550393434246753,1.7052675572905045e-99,4.393925754976757e-05,0.007295770479000422
2020,10,16,LGBT,疫情防控,46181,-0.18020122553531884,0.0,3.566957493558999e-05,0.004615199457679433
2020,11,12,婚姻,生育,296940,0.38832276696392515,0.0,-4.033139668453317e-05,0.0019070967822731404
2020,11,13,婚姻,能源与环境,77749,0.06757934852906497,2.2228945020284436e-79,6.625527617452376e-05,0.0034274964454379117
2020,11,14,婚姻,就业问题,222567,0.04451032039297162,5.434477419935042e-98,-4.586459229607898e-05,0.0021302413963695684
2020,11,15,婚姻,经济,53421,0.15842671163473865,3.0100373570777647e-297,-5.1596408562015916e-05,0.004311068935025698
2020,11,16,婚姻,疫情防控,141281,0.1496572117922798,0.0,5.094734236236344e-05,0.0026295154441014234
2020,12,13,生育,能源与环境,44345,0.04720386749845126,2.6365167425769237e-23,3.21168188901476e-05,0.004598591455356148
2020,12,14,生育,就业问题,107551,0.038260786655988525,3.872865889497164e-36,2.909965855911971e-05,0.0030231986209839066
2020,12,15,生育,经济,35120,0.16459423684182126,9.340742435853909e-212,-7.233393379583428e-05,0.005383953432116661
2020,12,16,生育,疫情防控,76248,0.17593861580714346,0.0,-3.2613250538018975e-05,0.0035844723099052694
2020,13,14,能源与环境,就业问题,78047,0.228746260710206,0.0,6.979873240033255e-05,0.0035492327243571505
2020,13,15,能源与环境,经济,37488,0.2117815304615405,0.0,-1.405401388679138e-05,0.004938112741751332
2020,13,16,能源与环境,疫情防控,101407,0.18479727425929693,0.0,-8.810964082816184e-05,0.003109836173880638
2020,14,15,就业问题,经济,78552,0.4129930513996303,0.0,-5.722643922536692e-05,0.003570913625186582
2020,14,16,就业问题,疫情防控,149298,0.29175100315670927,0.0,3.675041640354278e-05,0.002647548353691934
2020,15,16,经济,疫情防控,66056,0.349970200904393,0.0,2.7615407476677463e-05,0.00394876862973141
2021,0,1,美国,日本,534891,0.38589318054198074,0.0,-2.0027235398526287e-05,0.0013428032699502163
2021,0,2,美国,俄罗斯,130226,-0.050667079408455724,8.950572478225114e-75,6.658257596136014e-05,0.002811176134968976
2021,0,4,美国,医生,226700,-0.07765963293491097,3.5221036598628214e-300,-0.00010445856206537926,0.0021186006144101204
2021,0,5,美国,中医,69931,-0.09389527018213245,1.0908525997124816e-136,-0.0001962867205379421,0.0039060846974206223
2021,0,6,美国,医保,45095,-0.17179123647213193,1.0259313448273653e-295,0.00013709218088264302,0.004781903648226707
2021,0,7,美国,贪腐,90243,-0.10403420040540345,1.4631988901616908e-215,3.154782662390654e-05,0.0033396890251404824
2021,0,9,美国,男女平等,126691,-0.07374922791133548,2.801672532276223e-152,1.015644461428012e-05,0.0028205809775659106
2021,0,10,美国,LGBT,133815,0.1352452013530213,0.0,-0.0001371496798954549,0.0027049189994871694
2021,0,11,美国,婚姻,264098,-0.08363604896892117,0.0,-2.5349798420529202e-05,0.002026852674077985
2021,0,12,美国,生育,207178,-0.1692250449263705,0.0,3.761044510333725e-07,0.0021586109437381224
2021,0,13,美国,能源与环境,125845,-0.13235999096844034,0.0,9.534162966612712e-05,0.002909976713144027
2021,0,14,美国,就业问题,169164,-0.1147470899812702,0.0,-2.2370552303252917e-05,0.0024420041808811965
2021,0,15,美国,经济,81554,-0.16719089111207894,0.0,-0.00010190836466060363,0.003516821102467693
2021,0,16,美国,疫情防控,179702,-0.13657740038067323,0.0,-0.000122773655040715,0.0022834687271453625
2021,1,2,日本,俄罗斯,157860,-0.050195229906589076,1.33499082459521e-88,8.922508489417073e-05,0.002473961304263474
2021,1,4,日本,医生,401818,-0.013899856233343198,1.2359892385099423e-18,2.4205565042921784e-05,0.0015856542007747733
2021,1,5,日本,中医,93888,-0.0682639587065504,2.2659466479756533e-97,-8.926831324820678e-05,0.0031916762764901663
2021,1,6,日本,医保,54855,-0.10248511912616658,5.67305671207999e-128,8.640479508420723e-05,0.004355889914795894
2021,1,7,日本,贪腐,101401,-0.0698315117803087,8.305993854027549e-110,9.635221309455181e-05,0.003135829764615699
2021,1,9,日本,男女平等,192479,-0.09562417928690851,0.0,-3.70982849162705e-05,0.002239130427886696
2021,1,10,日本,LGBT,212679,0.08521955829677612,0.0,-1.010078947141768e-05,0.0020695367068010494
2021,1,11,日本,婚姻,500630,-0.05520827359628835,0.0,1.4560350960229289e-05,0.0014751102652248134
2021,1,12,日本,生育,328977,-0.11655024501458275,0.0,2.6528239892681036e-06,0.0017608226828342336
2021,1,13,日本,能源与环境,169788,-0.09250620110943693,2.91005e-319,-1.1585929857119039e-05,0.002445739051422574
2021,1,14,日本,就业问题,249178,-0.08185640418461536,0.0,-4.979286496583059e-05,0.001967424699989879
2021,1,15,日本,经济,76693,-0.07038569415077899,8.004477026032054e-85,-7.54116973201677e-05,0.0035467530616268713
2021,1,16,日本,疫情防控,272282,-0.09102232203208009,0.0,7.019660674049672e-05,0.0018979342509233429
2021,2,4,俄罗斯,医生,77397,0.11561360219774972,1.739258875679586e-228,1.6185727594405452e-05,0.0035229427249550923
2021,2,5,俄罗斯,中医,28858,0.10992049437378897,2.879870131522547e-78,-0.00049391350373583,0.005899903306467871
2021,2,6,俄罗斯,医保,21580,0.08265028646216539,4.9808163107204e-34,-0.00022052400906796577,0.006649792684874412
2021,2,7,俄罗斯,贪腐,38313,0.03716526870411279,3.4158525297083234e-13,2.1777887131050693e-05,0.005132373732003032
2021,2,9,俄罗斯,男女平等,43250,0.008393850113319138,0.08087724609767924,-7.747363919271969e-05,0.00466363219951281
2021,2,10,俄罗斯,LGBT,40969,-0.028400102939508565,8.956476088307806e-09,3.852125313092236e-05,0.0050982487496229936
2021,2,11,俄罗斯,婚姻,79137,-0.005336064129155356,0.1333319886946441,-8.842108054339118e-05,0.0035891777700119724
2021,2,12,俄罗斯,生育,67172,-0.046667412376779724,1.0379584265337804e-33,-8.229589864522468e-05,0.003773470682913614
2021,2,13,俄罗斯,能源与环境,51786,0.07452246488203519,1.1173205574926354e-64,-4.1867268569042994e-08,0.004455773363368729
2021,2,14,俄罗斯,就业问题,60629,0.02777308113961488,7.934146161293254e-12,-0.00016854840728108727,0.004143881788706545
2021,2,15,俄罗斯,经济,32998,0.07642030685430261,6.174818775117267e-44,0.00034324729194206647,0.005517466407802648
2021,2,16,俄罗斯,疫情防控,63702,0.022645768126038454,1.0890432219717361e-08,-7.321358428115875e-05,0.004020281119549536
2021,4,5,医生,中医,107257,0.2894806170713989,0.0,-6.395406004942858e-05,0.003024132146047236
2021,4,6,医生,医保,55703,0.40147166806299817,0.0,7.070008902520202e-05,0.004358506962162374
2021,4,7,医生,贪腐,61315,0.20088925082597134,0.0,0.0001362979121861721,0.003950447334675383
2021,4,9,医生,男女平等,114845,0.06848077121463358,2.0489875674067816e-119,3.40059248668918e-05,0.0028664374085833107
2021,4,10,医生,LGBT,109022,-0.10606382374426034,3.4145555871887815e-270,4.329742897164832e-05,0.0031124099474023757
2021,4,11,医生,婚姻,348804,0.06794668292319415,0.0,-4.310113726805398e-05,0.0016684321867818802
2021,4,12,医生,生育,222863,0.08783291221532118,0.0,-2.8170203171246262e-05,0.00207219633732909
2021,4,13,医生,能源与环境,101125,0.2533221648355444,0.0,1.362419660051556e-05,0.0031259824585134883
2021,4,14,医生,就业问题,175155,0.17959158988027366,0.0,-2.0655156311263566e-05,0.002457407903686632
2021,4,15,医生,经济,49410,0.33990168512458796,0.0,-0.00022433241360777327,0.0046117237470195095
2021,4,16,医生,疫情防控,194036,0.32996647876443014,0.0,7.5807224252851245e-06,0.0022397451423320945
2021,5,6,中医,医保,20346,0.2764422869423988,0.0,-6.7277486953321726e-06,0.007125343889715854
2021,5,7,中医,贪腐,25000,0.1060693859917593,1.8116568891658842e-63,-0.00046591735901174524,0.006059998056615847
2021,5,9,中医,男女平等,30529,0.03427633972286173,2.0924132446273747e-09,0.00020681308662706717,0.0056790642715064
2021,5,10,中医,LGBT,25538,-0.07848630684286426,3.4436669945834505e-36,1.228072995027929e-05,0.006265746236110732
2021,5,11,中医,婚姻,76566,0.09124028793763558,3.2704732416390895e-141,-0.0001261244776285223,0.0036834082612734894
2021,5,12,中医,生育,55836,0.17669758804325586,0.0,-0.0001230731192851542,0.004324090191865665
2021,5,13,中医,能源与环境,34802,0.10657872572322886,1.8799508691274466e-88,-0.0001452642701380154,0.0053892964951689866
2021,5,14,中医,就业问题,47349,0.1701168331088595,2.5453182194658326e-304,2.1891567292427312e-05,0.004655036969028409
2021,5,15,中医,经济,22046,0.2550005026397719,0.0,2.747997529398949e-05,0.0067944279549887335
2021,5,16,中医,疫情防控,50905,0.2927288726753288,0.0,-2.4674862074058167e-05,0.004419329428997717
2021,6,7,医保,贪腐,22461,0.21136144154570202,3.272712800413443e-225,0.00010850468230918505,0.006647152651258482
2021,6,9,医保,男女平等,22516,0.04553398929871359,8.16098514670597e-12,-1.4714274348996913e-05,0.006791734406564798
2021,6,10,医保,LGBT,14347,-0.15284266457814188,1.0139810825455739e-75,-0.00018180260582469022,0.008486537845590317
2021,6,11,医保,婚姻,41399,0.11802596406876795,2.624522277654016e-128,-4.8023902632949474e-05,0.005041217902316105
2021,6,12,医保,生育,36603,0.21118135135162783,0.0,0.0002591574009249016,0.005257103240521967
2021,6,13,医保,能源与环境,29293,0.23844165012771587,0.0,0.00027069914243263915,0.005971788125097379
2021,6,14,医保,就业问题,39349,0.34536147581178306,0.0,4.9806035423660245e-05,0.005032348857662634
2021,6,15,医保,经济,21913,0.4391701722435637,0.0,0.0001513291594322848,0.006620302642269096
2021,6,16,医保,疫情防控,43786,0.36910424988675933,0.0,0.00014788048013140864,0.0046626301604195414
2021,7,9,贪腐,男女平等,36872,0.14178622848402353,7.496382921140685e-165,-6.520296894580567e-05,0.005212001399479731
2021,7,10,贪腐,LGBT,24995,-0.01876678815704792,0.0030061740053392073,-0.0001459120593070421,0.006372490020398202
2021,7,11,贪腐,婚姻,56499,0.018673294320848046,9.044464307846577e-06,-1.555915862073827e-06,0.004276917171546719
2021,7,12,贪腐,生育,52904,0.05468894912018525,2.4564496447913448e-36,-3.001386631536191e-05,0.004199306337567878
2021,7,13,贪腐,能源与环境,43692,0.22734256486793872,0.0,0.0003402780281776268,0.004705747281026999
2021,7,14,贪腐,就业问题,51442,0.33490134550738704,0.0,-0.00025492470142111055,0.004315059431501902
2021,7,15,贪腐,经济,32449,0.3097130526130638,0.0,0.00021132219514505702,0.005405892422363958
2021,7,16,贪腐,疫情防控,58485,0.29884949262982424,0.0,0.00029315601656301277,0.004167330595820055
2021,9,10,男女平等,LGBT,83815,-0.07794366088326014,4.395209627215253e-113,7.287959570336159e-05,0.0034345878651401637
2021,9,11,男女平等,婚姻,177885,-0.0014535426912294866,0.5398444586517765,-1.1466585445671681e-05,0.002324580169084894
2021,9,12,男女平等,生育,140302,0.010475703897496648,8.710971580197348e-05,7.89435660242617e-05,0.002750121546955602
2021,9,13,男女平等,能源与环境,47444,0.1166239302955044,2.6134298887591773e-143,0.00011228654435361812,0.004584317342055706
2021,9,14,男女平等,就业问题,90745,0.060338698731215556,5.8960711295084284e-74,6.058126349201737e-05,0.003290910897196756
2021,9,15,男女平等,经济,26632,0.010095922196938258,0.09944507528290376,0.00031341305125610555,0.005872963349037364
2021,9,16,男女平等,疫情防控,70266,0.04433911144690603,6.358128774989489e-32,5.637175924529293e-05,0.003674936746718764
2021,10,11,LGBT,婚姻,168989,-0.016266837875383622,2.2715657965545612e-11,-1.741054170228108e-05,0.0023181323958668116
2021,10,12,LGBT,生育,119822,-0.05060163888606399,8.921084621823607e-69,-3.0259092452883717e-05,0.002842911685410096
2021,10,13,LGBT,能源与环境,32554,-0.07087466427253944,1.570617882672868e-37,7.561211199922375e-05,0.005512827027871422
2021,10,14,LGBT,就业问题,74853,-0.06022002455157959,4.2970789113068916e-61,-3.172743302238094e-05,0.0036223151924094903
2021,10,15,LGBT,经济,17501,-0.18980411775243042,1.2093318627961966e-141,0.000277043439363297,0.007409558350272451
2021,10,16,LGBT,疫情防控,56007,-0.13336275522356172,1.4417485338971922e-220,-1.1445150606861402e-05,0.004044891468821799
2021,11,12,婚姻,生育,411954,0.35514025994003295,0.0,2.4276230852450995e-05,0.0015548805277558633
2021,11,13,婚姻,能源与环境,95925,0.04720140042023718,1.887500353214867e-48,-5.712874373530795e-05,0.0031422230751992626
2021,11,14,婚姻,就业问题,242523,0.04137391741179059,2.324750708079869e-92,-7.014036350989042e-05,0.0020803456078588313
2021,11,15,婚姻,经济,51466,0.16393935175942367,7.475213772991491e-307,-0.00011791778969952938,0.004450342160335277
2021,11,16,婚姻,疫情防控,184196,0.10195124620595487,0.0,4.8713432337383056e-05,0.002325781077005173
2021,12,13,生育,能源与环境,74565,0.07994195630686463,5.713557916212825e-106,-6.161406669098684e-05,0.003734482105561071
2021,12,14,生育,就业问题,163146,0.11590196696306439,0.0,7.813023682662594e-05,0.0024546301418277403
2021,12,15,生育,经济,53145,0.27649110940363697,0.0,-0.00023802012969704407,0.004289883289289073
2021,12,16,生育,疫情防控,126591,0.2596376945299568,0.0,0.00015575041568677972,0.0028594172409213353
2021,13,14,能源与环境,就业问题,81846,0.21533367253559513,0.0,0.00012796945655686032,0.003438623345113848
2021,13,15,能源与环境,经济,44143,0.17838018574288736,2.38327383384e-312,-0.00019693690415879323,0.004783024549907522
2021,13,16,能源与环境,疫情防控,95511,0.21651123535514585,0.0,0.00011059855185231801,0.003369668883799631
2021,14,15,就业问题,经济,60018,0.4607740029777185,0.0,-9.619020726591705e-05,0.004069174109524403
2021,14,16,就业问题,疫情防控,128521,0.31684992283500707,0.0,-2.5619617553686587e-05,0.0026772359544055043
2021,15,16,经济,疫情防控,50725,0.4142837578743499,0.0,1.8079447439565058e-05,0.004538944966330424
2022,0,1,美国,日本,544140,0.33518375176181286,0.0,8.867228492218086e-06,0.0013086689708650652
2022,0,2,美国,俄罗斯,364143,-0.052780212073764224,6.539428474716977e-223,6.217327219345207e-05,0.001650958235506483
2022,0,4,美国,医生,301067,-0.15306536031554516,0.0,3.88926349832654e-05,0.0018328730706073403
2022,0,5,美国,中医,125198,-0.05659516378957423,2.4129498362794963e-89,0.00010337001867964799,0.002791575335242742
2022,0,6,美国,医保,62175,-0.23233787218161933,0.0,0.00018211718604260402,0.0039656746833146425
2022,0,7,美国,贪腐,114042,-0.09428725591450683,1.839568978030628e-223,-9.644716918231075e-05,0.0030080400314701932
2022,0,9,美国,男女平等,182862,-0.08409568163866328,3.4120569152785287e-284,-6.601125935725905e-05,0.00240760811677565
2022,0,10,美国,LGBT,186901,0.11050169799115916,0.0,6.894013340588217e-05,0.00238371383478396
2022,0,11,美国,婚姻,294084,-0.1008353673895652,0.0,0.00010071157230292854,0.0017875694126143038
2022,0,12,美国,生育,226818,-0.1551476393863313,0.0,4.8525737791058384e-05,0.002093674759677957
2022,0,13,美国,能源与环境,120865,-0.12485511038369998,0.0,0.00020214177775028402,0.0029038370610494305
2022,0,14,美国,就业问题,244524,-0.09972500237707345,0.0,3.887143059982008e-06,0.002047041532376689
2022,0,15,美国,经济,119425,-0.17872438328723977,0.0,3.316161189185917e-05,0.0029160592801144407
2022,0,16,美国,疫情防控,484478,-0.15482397198196152,0.0,1.642024274898591e-05,0.0013853499454739397
2022,1,2,日本,俄罗斯,303751,-0.09616667202468147,0.0,-2.6729221279213812e-05,0.0018287144265369266
2022,1,4,日本,医生,337380,-0.16900603662594638,0.0,7.5298855067929705e-06,0.001752449508433328
2022,1,5,日本,中医,125036,-0.013493460916281735,1.8284510062708264e-06,-5.8614657318314665e-05,0.002811543923655927
2022,1,6,日本,医保,60453,-0.11689173242263647,7.020734277909203e-183,0.00020763404537833664,0.003942414030428662
2022,1,7,日本,贪腐,107594,-0.07739983488675099,1.2952591200521215e-142,-2.4186205636108546e-05,0.0030999355102438865
2022,1,9,日本,男女平等,201338,-0.08627563040265099,0.0,-4.519096156661158e-05,0.002315834494269891
2022,1,10,日本,LGBT,202770,0.0927761662766421,0.0,5.512216800643297e-05,0.0022749412426263643
2022,1,11,日本,婚姻,352745,-0.0487918715666078,7.432700730464613e-185,6.8721318917213e-05,0.001720963697325501
2022,1,12,日本,生育,246701,-0.029405962908712696,2.4706679764302965e-48,4.3661347276037734e-05,0.001961669401365483
2022,1,13,日本,能源与环境,128168,-0.12435032082736629,0.0,4.528621151968264e-05,0.0027434973388939616
2022,1,14,日本,就业问题,249942,-0.049481971504704625,2.86706079181003e-135,2.4607353698302665e-05,0.0019642300491001575
2022,1,15,日本,经济,101207,-0.04570308274802509,6.105232899503081e-48,-0.0002261809180031742,0.0031390440552342097
2022,1,16,日本,疫情防控,496420,-0.03608329763031473,1.1323801157772012e-142,-2.7803224656044132e-05,0.0014223768740122323
2022,2,4,俄罗斯,医生,181601,0.13803344303331888,0.0,-3.3711905996271356e-05,0.0023531842277941515
2022,2,5,俄罗斯,中医,77008,0.11672782262270937,9.679932367068742e-232,3.7905869904357895e-05,0.003566878577294585
2022,2,6,俄罗斯,医保,43979,0.14804687112350137,5.987473740156371e-214,6.034725793438822e-05,0.004798278892931951
2022,2,7,俄罗斯,贪腐,79890,0.027603342711360807,6.026135798420604e-15,-0.00012907988903289707,0.0034723581901463458
2022,2,9,俄罗斯,男女平等,101765,-0.021818570355634274,3.3785665167878824e-12,-3.98961267299102e-06,0.0033048544725545696
2022,2,10,俄罗斯,LGBT,80451,-0.054467007656571635,6.440241679464157e-54,-8.676148166927821e-05,0.003576820070535177
2022,2,11,俄罗斯,婚姻,164472,0.03878914209327267,8.462085266112279e-56,3.9412521156440704e-05,0.0023974580411686482
2022,2,12,俄罗斯,生育,131990,0.019485468573315828,1.444051811473548e-12,0.00014242868483335693,0.002818964733864578
2022,2,13,俄罗斯,能源与环境,80506,0.1245332961221606,1.3210212723743046e-275,-4.0209444906562005e-05,0.003565548685195699
2022,2,14,俄罗斯,就业问题,148425,0.05316555960098252,2.2960150029573265e-93,9.681407614103485e-05,0.002618330311910209
2022,2,15,俄罗斯,经济,80479,0.06775583526644818,1.6049731223463926e-82,3.429630920137347e-05,0.0036277375964730674
2022,2,16,俄罗斯,疫情防控,274605,0.04190358239287732,5.804165866162748e-107,5.7864984858134316e-05,0.0019228860264663957
2022,4,5,医生,中医,156777,0.26542108470212894,0.0,-5.003837735051142e-05,0.002694138780984135
2022,4,6,医生,医保,71121,0.44332907035448127,0.0,-7.253822265576666e-05,0.0037747563173264266
2022,4,7,医生,贪腐,80910,0.17684052288143018,0.0,3.471457855626822e-05,0.0034314771617050556
2022,4,9,医生,男女平等,168685,0.04620602261759903,2.1678003317040615e-80,5.865161705561072e-05,0.002394547532132659
2022,4,10,医生,LGBT,134948,-0.08432987092059183,1.8869232047527981e-211,-6.172755449423396e-05,0.0027349846830195686
2022,4,11,医生,婚姻,353832,0.1315814575928206,0.0,6.993640204982106e-05,0.00173197705275587
2022,4,12,医生,生育,227527,0.11716984732867869,0.0,1.8104306871856635e-05,0.002002441375753886
2022,4,13,医生,能源与环境,111881,0.3183498645317427,0.0,6.565693454170826e-05,0.0030634329135622138
2022,4,14,医生,就业问题,230316,0.2147545373131651,0.0,6.270504052026545e-05,0.0020631303131074994
2022,4,15,医生,经济,79406,0.26318794478700314,0.0,-2.5497811195320345e-05,0.0035749135180300593
2022,4,16,医生,疫情防控,463799,0.35761708060473385,0.0,1.9276028990673916e-05,0.0014736547652693317
2022,5,6,中医,医保,33441,0.24308896126635507,0.0,-0.00010996220535681317,0.00551857054978971
2022,5,7,中医,贪腐,38899,0.04814097421996672,2.0996082941209105e-21,-0.0001576083222079333,0.00518332394635125
2022,5,9,中医,男女平等,54565,-0.0008324295953875877,0.8458281801724165,5.9668747916769524e-05,0.004262499591375243
2022,5,10,中医,LGBT,51921,0.0029102642611421757,0.507251465866864,0.00019639107370156834,0.004375380233130991
2022,5,11,中医,婚姻,107724,0.0958482540708621,3.274634018940743e-218,-3.2400293721111135e-05,0.0030942192674880864
2022,5,12,中医,生育,75346,0.13114990338954471,3.07198421422386e-286,-0.00011180930835451575,0.003620574989524845
2022,5,13,中医,能源与环境,48332,0.15049593914365322,8.983442663076522e-243,-0.00021385602166243192,0.004589993392762337
2022,5,14,中医,就业问题,82744,0.13464852283483855,0.0,2.299032220672249e-05,0.0035127088737103287
2022,5,15,中医,经济,41076,0.17501321576714318,7.791057920297142e-280,0.00024810438992671263,0.004993087925563798
2022,5,16,中医,疫情防控,146290,0.21924938722699752,0.0,-2.1013886080467677e-05,0.0026328334052765127
2022,6,7,医保,贪腐,28489,0.23921050484550072,0.0,-0.00020578709715315602,0.006218462938374243
2022,6,9,医保,男女平等,29667,-6.217248616138533e-05,0.991456250374543,-0.00019761671424284769,0.00586795539098438
2022,6,10,医保,LGBT,18741,-0.12467410076872262,8.369154413857824e-66,-0.00045534141382162644,0.007371564007010991
2022,6,11,医保,婚姻,46803,0.20442164610186692,0.0,0.00018626140541169945,0.004671151600107714
2022,6,12,医保,生育,39989,0.2426286819371142,0.0,9.55415274129806e-05,0.004873848814359661
2022,6,13,医保,能源与环境,30960,0.3322952323267326,0.0,-0.0002208825763500973,0.005905269592989149
2022,6,14,医保,就业问题,54687,0.4128385953644216,0.0,6.056415357330601e-05,0.004374197906672949
2022,6,15,医保,经济,30826,0.5043183420598608,0.0,-2.5150920420665247e-05,0.0054695816176544825
2022,6,16,医保,疫情防控,85619,0.46354454893069647,0.0,-6.059286288898e-06,0.0034784252603162224
2022,7,9,贪腐,男女平等,45620,0.11432162616179965,1.5724389350721313e-132,-0.00024572187558222767,0.004667124865206622
2022,7,10,贪腐,LGBT,28075,-0.030163941434919888,4.3022545240626075e-07,-0.0002689928187355546,0.005779632825276897
2022,7,11,贪腐,婚姻,61858,0.015469756851794681,0.00011924300593912037,-3.779800201860703e-05,0.0039822278936508405
2022,7,12,贪腐,生育,54833,0.020472623071408652,1.6319977729429761e-06,0.0001188035004755293,0.004112369027544607
2022,7,13,贪腐,能源与环境,41452,0.24158544440326885,0.0,-6.375588177734013e-05,0.005054191271137285
2022,7,14,贪腐,就业问题,70203,0.3120968856751608,0.0,-0.00012193502161852971,0.003763223645708194
2022,7,15,贪腐,经济,43105,0.24367344333510604,0.0,3.180255021212722e-05,0.004766803408690452
2022,7,16,贪腐,疫情防控,119755,0.3198327530903786,0.0,-0.0002088404543905695,0.002948463750660815
2022,9,10,男女平等,LGBT,114049,-0.055682901959201205,5.2625611424401685e-79,3.94779890528789e-05,0.0029309022048710884
2022,9,11,男女平等,婚姻,229402,-0.023758155310167346,5.215923990372574e-30,-1.3920195307401371e-05,0.0020629037410732345
2022,9,12,男女平等,生育,173894,-0.01856390244922715,9.796510401622768e-15,2.2009842485301058e-05,0.002377249892550045
2022,9,13,男女平等,能源与环境,56692,0.017624925678973623,2.7078131755506205e-05,0.00014173811306692134,0.004030093362602325
2022,9,14,男女平等,就业问题,129158,0.031985446645828745,1.3510304165110825e-30,-4.560537216603185e-05,0.002688093576668753
2022,9,15,男女平等,经济,38981,0.0014465102782503572,0.7751965378175922,-0.00016464859310518415,0.004880687468118395
2022,9,16,男女平等,疫情防控,211194,0.031364764751789107,4.021805456654562e-47,4.119384785048866e-06,0.002198485112200833
2022,10,11,LGBT,婚姻,192773,-0.015615074392644831,7.065902405981449e-12,6.911592064019025e-05,0.00228220034546365
2022,10,12,LGBT,生育,138280,-0.027316741712103215,2.996517165939106e-24,2.3855061415118174e-05,0.002630102347942004
2022,10,13,LGBT,能源与环境,34845,-0.13340076847218915,4.453846438340186e-138,-0.00024758572125321414,0.005385654619277562
2022,10,14,LGBT,就业问题,97184,-0.04068833592975314,6.768950398018278e-37,5.12459624702169e-06,0.0032446860199777214
2022,10,15,LGBT,经济,25406,-0.07386220546884645,4.468351323882228e-32,0.00031832447508106654,0.006274677858151061
2022,10,16,LGBT,疫情防控,166533,-0.06556421397933926,4.915591301335127e-158,-8.685587839114084e-05,0.0024098551879444597
2022,11,12,婚姻,生育,402067,0.40238446689458357,0.0,-8.303509460942279e-05,0.0016198637143800898
2022,11,13,婚姻,能源与环境,95131,0.12266850728888802,1.32998958e-315,8.477072553602415e-05,0.003235078321244113
2022,11,14,婚姻,就业问题,272752,0.0686440962318921,4.070324385708745e-282,-9.013494818714442e-05,0.0019275758878932346
2022,11,15,婚姻,经济,73923,0.1863963620184479,0.0,9.168090339773324e-05,0.0036802798914810707
2022,11,16,婚姻,疫情防控,414247,0.12295071351392564,0.0,7.199987340466045e-06,0.0014857120574447635
2022,12,13,生育,能源与环境,63530,0.147366809198819,2.7968629267671283e-305,-7.533571340523937e-05,0.0039179742885252986
2022,12,14,生育,就业问题,176586,0.08577202131609468,1.6068817152647343e-285,-2.0745349674859074e-05,0.0023506908138620397
2022,12,15,生育,经济,62026,0.24251618778757805,0.0,-0.00014933317361453963,0.003972594031907953
2022,12,16,生育,疫情防控,273560,0.217344175976244,0.0,5.0688797240678266e-05,0.0018559228453957583
2022,13,14,能源与环境,就业问题,103825,0.28249475096270066,0.0,-3.934826357691428e-06,0.0031826417848402093
2022,13,15,能源与环境,经济,48624,0.15371080417174116,8.319495831913081e-255,1.531693352144453e-05,0.004554982930395024
2022,13,16,能源与环境,疫情防控,141974,0.29269126420003505,0.0,0.00011998147700543429,0.002648784583271948
2022,14,15,就业问题,经济,106363,0.4501500826969498,0.0,-0.00018260267668217072,0.0030524412785628455
2022,14,16,就业问题,疫情防控,331650,0.31313516696883203,0.0,4.778162388879552e-05,0.0017584119510280032
2022,15,16,经济,疫情防控,127671,0.4238590547519686,0.0,-6.014547333647869e-05,0.0028140702458823597
2023,0,1,美国,日本,431532,0.36865607195222544,0.0,2.7817742364655054e-05,0.0015097059201917404
2023,0,2,美国,俄罗斯,137508,-0.13681447628003027,0.0,3.176658762939666e-05,0.0026345189200449102
2023,0,4,美国,医生,168037,-0.1985983446966244,0.0,-2.9304070393782037e-05,0.0024084265310610363
2023,0,5,美国,中医,81303,-0.06771704886454231,2.9742489560819218e-83,0.00012481122689598682,0.0035749862953886246
2023,0,6,美国,医保,48619,-0.3349254187344192,0.0,4.596922826264735e-05,0.004531968782423488
2023,0,7,美国,贪腐,102730,-0.16708051425047785,0.0,8.948291473847997e-05,0.0032190639904929514
2023,0,9,美国,男女平等,98068,-0.09753442209132068,7.422832218544485e-206,-5.386538121972445e-05,0.0032644275163276975
2023,0,10,美国,LGBT,158828,0.14612123642403857,0.0,3.714371453466321e-05,0.002548456480604434
2023,0,11,美国,婚姻,211419,-0.1094565300862754,0.0,5.0867351382471195e-06,0.0021630182876819395
2023,0,12,美国,生育,166191,-0.12291467021359381,0.0,-5.393170858635238e-05,0.002509749537864132
2023,0,13,美国,能源与环境,82153,-0.2389569890742534,0.0,-5.2502306489753295e-05,0.0035745241184868648
2023,0,14,美国,就业问题,186989,-0.16854706777568995,0.0,1.4635971350394378e-05,0.0022553813663568636
2023,0,15,美国,经济,99704,-0.2033222278945532,0.0,5.375528189863706e-05,0.003051749620806568
2023,0,16,美国,疫情防控,38665,-0.26609267701307227,0.0,0.00010265101153503103,0.00495925136672303
2023,1,2,日本,俄罗斯,143972,-0.09082611370590112,2.4929167448593327e-261,0.00010442808042897898,0.0025676221604275197
2023,1,4,日本,医生,279753,-0.10454713452168325,0.0,-4.51388918913242e-07,0.0019153405419876385
2023,1,5,日本,中医,129307,0.009862300278051619,0.0003904375253107762,-2.3724756265127574e-05,0.0027750072021892
2023,1,6,日本,医保,59246,-0.1421611554911981,5.093156524678671e-265,-9.69555155159045e-05,0.004010288244160195
2023,1,7,日本,贪腐,114968,-0.10361272901239756,7.898296610126443e-272,-4.22500910781487e-06,0.0030228058711177447
2023,1,9,日本,男女平等,154729,-0.12126885020063963,0.0,-0.00012095707651675407,0.0026421810305757
2023,1,10,日本,LGBT,230320,0.0976652093116326,0.0,8.677235315618549e-05,0.002112683004940628
2023,1,11,日本,婚姻,405318,-0.06663177269246856,0.0,4.645474694466684e-05,0.0015269906722959333
2023,1,12,日本,生育,283678,-0.03739905640017881,2.414108538846629e-88,-3.659572777839726e-05,0.001899867328737656
2023,1,13,日本,能源与环境,111589,-0.18971003095065933,0.0,7.240739429330829e-05,0.0030467066210456686
2023,1,14,日本,就业问题,271581,-0.0777207743663789,0.0,1.477026255194669e-05,0.0019016127236841866
2023,1,15,日本,经济,98520,-0.06713588836423713,8.64136973326056e-99,-0.00018822271225114084,0.0030373551805902795
2023,1,16,日本,疫情防控,41777,-0.09579607440508706,9.509324128611369e-86,-6.942653338314765e-05,0.004917765069955889
2023,2,4,俄罗斯,医生,68555,0.1680448743283598,0.0,9.342774134882827e-05,0.003827437698563691
2023,2,5,俄罗斯,中医,37320,0.13866338442260018,1.3985588617832767e-159,-9.72081112011814e-05,0.005047759907358951
2023,2,6,俄罗斯,医保,26749,0.2324394644339805,0.0,0.00014227722618620093,0.006092163950221338
2023,2,7,俄罗斯,贪腐,55664,0.04483986881981138,3.5257656782030497e-26,-4.7762356806804725e-05,0.004355005317460021
2023,2,9,俄罗斯,男女平等,37891,-0.00809388778787755,0.11514142101552988,3.227999210745297e-05,0.004942364294233559
2023,2,10,俄罗斯,LGBT,37970,-0.050620625588713025,5.622994647581133e-23,0.00021418239005842527,0.005112637386950141
2023,2,11,俄罗斯,婚姻,71554,0.030641526062673837,2.438892979138688e-16,0.0002114401972476355,0.003849770954122827
2023,2,12,俄罗斯,生育,60219,-0.0017039081917234976,0.6758570467867073,-6.802508537400068e-05,0.004254569182089985
2023,2,13,俄罗斯,能源与环境,42422,0.18383644956580572,4.3138e-319,3.059994080784487e-06,0.004801874298078757
2023,2,14,俄罗斯,就业问题,75637,0.10993682332395072,5.132093470656414e-202,0.00010429099126673832,0.0036249965869692424
2023,2,15,俄罗斯,经济,48733,0.16635383014527785,2.354515073933926e-299,9.891607843558199e-05,0.004407345487978209
2023,2,16,俄罗斯,疫情防控,23173,0.19841266576042632,2.1792308758120393e-204,2.6123496377519817e-05,0.006484787846323536
2023,4,5,医生,中医,137877,0.2883237725542187,0.0,-7.28615050093786e-05,0.002789265329202098
2023,4,6,医生,医保,61365,0.4507423038921795,0.0,-0.00014622775648631578,0.003970207849332261
2023,4,7,医生,贪腐,70699,0.14404934529289543,0.0,-0.00012270106332554445,0.003783135263183157
2023,4,9,医生,男女平等,93047,0.06982835380612828,6.526706164066668e-101,-7.770837333006487e-06,0.003089594203955163
2023,4,10,医生,LGBT,110946,-0.09541684344825513,1.1471907237964677e-222,2.5398625208413286e-05,0.0030580079895154927
2023,4,11,医生,婚姻,281778,0.08515257376649639,0.0,-1.965167478557583e-05,0.0018051174858464728
2023,4,12,医生,生育,185254,0.0679493925893012,1.873122635176131e-188,-3.3991007230641345e-05,0.0022434273984960457
2023,4,13,医生,能源与环境,69208,0.3048280571364869,0.0,-4.802908769085738e-05,0.003864911751907035
2023,4,14,医生,就业问题,175191,0.19607960964034402,0.0,1.0946796888519141e-05,0.002297735767151878
2023,4,15,医生,经济,59409,0.2798249545168772,0.0,-0.00023769314262595754,0.004128671488063432
2023,4,16,医生,疫情防控,32701,0.41290881591255246,0.0,-4.490741380235537e-05,0.005542860142162954
2023,5,6,中医,医保,28113,0.24826061328288795,0.0,-9.470868215435941e-05,0.005982108044474354
2023,5,7,中医,贪腐,34385,0.004939077981834984,0.3597534199530215,6.225747398225444e-05,0.005344430605414277
2023,5,9,中医,男女平等,40253,-0.0019263296199423848,0.69914805111579,-0.00020198380358971214,0.0050826273096894305
2023,5,10,中医,LGBT,47196,-0.03003953668347338,6.69741599016858e-11,4.1714553619895804e-05,0.004525848715826692
2023,5,11,中医,婚姻,112577,0.08335104409320032,1.0728088411997073e-172,0.00012070500904874482,0.0030455442791759244
2023,5,12,中医,生育,74183,0.10699072080801186,9.60872953601314e-188,8.60762015910955e-05,0.0037957217528325356
2023,5,13,中医,能源与环境,37401,0.14546548101795737,5.808869221611587e-176,6.9822271534492e-05,0.005176186633964274
2023,5,14,中医,就业问题,75110,0.12736694936941054,4.083060219232958e-269,6.47741024400314e-05,0.003650160292014765
2023,5,15,中医,经济,31776,0.18145186518807208,2.5050584374312885e-233,-0.0004926200000473679,0.005618617028098706
2023,5,16,中医,疫情防控,17953,0.2450351355764637,1.0453469668699921e-243,-0.0001216383871814182,0.007492783051379097
2023,6,7,医保,贪腐,29505,0.21431937367770668,1.243901737444337e-303,0.0001550554385533613,0.006006686701756325
2023,6,9,医保,男女平等,23272,0.062020263803843206,2.8010913749557934e-21,-0.00026601123914252444,0.006714640232969477
2023,6,10,医保,LGBT,17383,-0.10771634896252207,5.008681993249881e-46,0.00019596264211621926,0.007522099384711983
2023,6,11,医保,婚姻,49172,0.16449026476501832,2.936214133347373e-295,-5.806301890191851e-06,0.004532568133464333
2023,6,12,医保,生育,40257,0.17962791428208158,4.436283594904854e-289,-0.00021025366693071834,0.004834681938400323
2023,6,13,医保,能源与环境,25165,0.418333193785843,0.0,6.047893500280116e-05,0.0066244685990363575
2023,6,14,医保,就业问题,52113,0.40742149339714284,0.0,-0.00013157411315258623,0.004451161413841698
2023,6,15,医保,经济,29982,0.48962961700313806,0.0,-0.00021699005815011463,0.005719197780851886
2023,6,16,医保,疫情防控,19213,0.4859358035353784,0.0,0.00020840076356261821,0.0071693014640929805
2023,7,9,贪腐,男女平等,39697,0.1918839235089432,0.0,-2.6034004526931986e-05,0.0050227274454367025
2023,7,10,贪腐,LGBT,26961,-0.04169458924961663,7.44559077658858e-12,9.093491015990813e-05,0.006049044753866695
2023,7,11,贪腐,婚姻,66179,0.020880860137782373,7.780601944569856e-08,-3.629714858633218e-05,0.0036688543479982756
2023,7,12,贪腐,生育,59932,0.03277078973809342,1.018497226493504e-15,-0.00027614060855694043,0.003963967148672711
2023,7,13,贪腐,能源与环境,38154,0.2122087864408784,0.0,0.00013164840120417993,0.005131304729611224
2023,7,14,贪腐,就业问题,72927,0.2341320026689889,0.0,-0.00012669679054393818,0.0035889912383645635
2023,7,15,贪腐,经济,48587,0.22557178793663132,0.0,-0.00036943573649267646,0.0046789015487942644
2023,7,16,贪腐,疫情防控,23110,0.26440585206678674,0.0,0.00020355128955554377,0.006686600627936923
2023,9,10,男女平等,LGBT,78973,-0.07563147110410547,1.5900460422568908e-100,0.00018779675487015754,0.003577389378944927
2023,9,11,男女平等,婚姻,161222,-0.024548945042657044,6.303699451027945e-23,-1.5550230095752654e-05,0.0025439768372695045
2023,9,12,男女平等,生育,126316,-0.056750643828070865,1.3051540977407286e-90,9.016452189132617e-05,0.002805099633339558
2023,9,13,男女平等,能源与环境,37369,-0.028446051910497795,3.801076801745048e-08,-0.00011771661209329137,0.005083102235124414
2023,9,14,男女平等,就业问题,94190,0.08384097269060566,1.640850189231803e-146,5.203992947412823e-05,0.00319593338862447
2023,9,15,男女平等,经济,30800,0.03318083874750986,5.725609113889431e-09,-2.2795527908117104e-05,0.0056068317315518075
2023,9,16,男女平等,疫情防控,16102,0.10087040792736186,1.0914625490424284e-37,0.0004068097345094633,0.007782873195913772
2023,10,11,LGBT,婚姻,194010,-0.028285951309131856,1.212188082396715e-35,-7.006979540283253e-05,0.0021593536723320994
2023,10,12,LGBT,生育,136312,-0.014269170951835265,1.3757096782301074e-07,-9.820688957673731e-05,0.0027110581140454715
2023,10,13,LGBT,能源与环境,25848,-0.08312921525822556,7.157452746817242e-41,-3.5521629131145415e-05,0.006239898617790594
2023,10,14,LGBT,就业问题,98442,-0.0433021877527307,4.4386414017105986e-42,1.300161752893937e-05,0.0031421712317164273
2023,10,15,LGBT,经济,21942,-0.1085631399841874,1.620690594143892e-58,9.3752266694957e-05,0.006878712655147936
2023,10,16,LGBT,疫情防控,10644,-0.1511182557501222,2.101358489045773e-55,0.0002890494582234762,0.009921612993435894
2023,11,12,婚姻,生育,422147,0.37360051018070567,0.0,-6.888841045098248e-05,0.001568059921039056
2023,11,13,婚姻,能源与环境,70139,0.10346745101861993,3.4593862173264595e-166,-2.0468843579909053e-05,0.0038350628372789118
2023,11,14,婚姻,就业问题,273452,0.0616070115871058,3.949492615885441e-228,-4.360856321702724e-05,0.0018894020352632154
2023,11,15,婚姻,经济,70163,0.14281324891843702,2.39047605e-316,-4.85752598402253e-05,0.0037123306895152125
2023,11,16,婚姻,疫情防控,25726,0.2167369932142563,3.9843405119427467e-271,-0.00012030585122853993,0.006299620214505571
2023,12,13,生育,能源与环境,50794,0.09728947994690748,4.6502134963593057e-107,2.070645506628943e-06,0.004606531079206702
2023,12,14,生育,就业问题,179180,0.06793032365217003,3.055303633929393e-182,-8.419583090844313e-05,0.002375922609277327
2023,12,15,生育,经济,59835,0.21099265495348415,0.0,-4.264764721143377e-05,0.004042001703971731
2023,12,16,生育,疫情防控,23218,0.26548080288055487,0.0,-0.0001390155057930136,0.006696687235068253
2023,13,14,能源与环境,就业问题,79200,0.2828833907280832,0.0,-5.69277973232769e-05,0.003467361309338945
2023,13,15,能源与环境,经济,40881,0.07687235835670726,1.2504491004799631e-54,-0.00016058095593179516,0.005274134102332659
2023,13,16,能源与环境,疫情防控,22270,0.32232451376694776,0.0,-0.00022225266567740687,0.006774577867839712
2023,14,15,就业问题,经济,98782,0.4897704518343155,0.0,4.7260968626954625e-06,0.0032487217192458152
2023,14,16,就业问题,疫情防控,35063,0.43319473373213235,0.0,0.00022415643963211607,0.005275577963089228
2023,15,16,经济,疫情防控,24128,0.47209949776675764,0.0,-0.00016091167285635399,0.006694104705738469
average,0,1,美国,日本,3548876,0.3867929944633443,0.0,-2.798381214560916e-05,0.0005296033101076303
average,0,2,美国,俄罗斯,1457635,-0.1033599470512179,0.0,-2.6924060761630182e-05,0.0008353540200602731
average,0,4,美国,医生,2100790,-0.1194630653794452,0.0,-1.1837152685001329e-05,0.000695015458037021
average,0,5,美国,中医,819714,-0.130892534794374,0.0,7.949871028711094e-06,0.0011142637721010967
average,0,6,美国,医保,353225,-0.1994574700294445,0.0,-1.4902345861386338e-05,0.001707739933336058
average,0,7,美国,贪腐,789835,-0.10345922267998829,0.0,6.466516221631325e-05,0.0011091384417758522
average,0,9,美国,男女平等,933842,-0.09233656785396935,0.0,-2.0413243112162514e-06,0.0010389089305670675
average,0,10,美国,LGBT,1116181,0.14059747147416285,0.0,-4.737956454028389e-05,0.000945044941604707
average,0,11,美国,婚姻,2183303,-0.10858380879281539,0.0,1.8265826573814164e-05,0.0006968943337130972
average,0,12,美国,生育,1329536,-0.1560643375914123,0.0,-2.0666230921091255e-05,0.0008370106532311384
average,0,13,美国,能源与环境,920310,-0.1578181843867889,0.0,3.19275034463674e-05,0.0010199304920772403
average,0,14,美国,就业问题,1506508,-0.11711711219053964,0.0,5.342198506553101e-05,0.0008127957504150113
average,0,15,美国,经济,724363,-0.1710836395971441,0.0,-5.312895626532723e-06,0.0011268883211465993
average,0,16,美国,疫情防控,1241245,-0.16754584404753273,0.0,-5.479242755993612e-05,0.0008824721455298455
average,1,2,日本,俄罗斯,1560332,-0.13224567722807962,0.0,-1.5902696329900094e-05,0.0008085073612734793
average,1,4,日本,医生,2851804,-0.051262147541343596,0.0,-2.683694669722559e-05,0.0006028192885301313
average,1,5,日本,中医,977758,-0.018468252789498478,1.623447778441558e-74,-7.302194620161649e-06,0.0010515830115541296
average,1,6,日本,医保,390369,-0.085538775441056,0.0,3.0034121729264714e-05,0.0016518290478125357
average,1,7,日本,贪腐,797747,-0.07130880125572836,0.0,-1.8414314339624412e-05,0.0010527348859949923
average,1,9,日本,男女平等,1202653,-0.09698980959942835,0.0,4.377584017014177e-05,0.0009256191014927432
average,1,10,日本,LGBT,1462024,0.09295921421649518,0.0,8.533196583540431e-07,0.0007971837564391044
average,1,11,日本,婚姻,3188793,-0.04902594200245039,0.0,7.2244123724804144e-06,0.0005410844421010186
average,1,12,日本,生育,1790091,-0.05376177959335331,0.0,-6.486445818635472e-07,0.0007240325424600048
average,1,13,日本,能源与环境,1081584,-0.10443693865453249,0.0,-1.6108852017151228e-05,0.0009477538315968594
average,1,14,日本,就业问题,1876276,-0.06157233374267236,0.0,1.5712380086323094e-05,0.0007307295420518209
average,1,15,日本,经济,672941,-0.02439904103410422,3.822585783536747e-89,-5.733703105525795e-05,0.0011981232425921494
average,1,16,日本,疫情防控,1576494,-0.05683980247143386,0.0,4.619676670074689e-05,0.0007935476211136413
average,2,4,俄罗斯,医生,982615,0.11510626775463657,0.0,-4.180876334399209e-05,0.0009819487247539583
average,2,5,俄罗斯,中医,416782,0.08997051389189221,0.0,-1.990067434001363e-05,0.0015542916909342943
average,2,6,俄罗斯,医保,216064,0.10154770744844374,0.0,2.840156097000171e-05,0.002229446867055115
average,2,7,俄罗斯,贪腐,438756,0.03934116031082993,8.177899434822753e-150,-0.00012999256840406549,0.0015403541554337254
average,2,9,俄罗斯,男女平等,463109,-0.003593310583322558,0.014472164343538648,-6.109219050338057e-05,0.0013919408885667602
average,2,10,俄罗斯,LGBT,496641,-0.06619554142343353,0.0,-7.354401150994047e-06,0.0014366777098474741
average,2,11,俄罗斯,婚姻,993838,0.00889867865178561,7.224242334594331e-19,-2.3024777745137768e-06,0.0010126028335147384
average,2,12,俄罗斯,生育,647660,-0.024795109646066262,1.29082249615135e-88,7.13794574895521e-05,0.0012669949758118103
average,2,13,俄罗斯,能源与环境,494371,0.08985874661338908,0.0,1.197202796499699e-05,0.0014312120420964284
average,2,14,俄罗斯,就业问题,739115,0.048879568291570995,0.0,-9.952109912707337e-06,0.0011191583230161968
average,2,15,俄罗斯,经济,381676,0.053099273376679586,2.367005362408544e-236,1.5737858938486545e-05,0.0015495618583747154
average,2,16,俄罗斯,疫情防控,634333,0.03904210742258465,1.9432390739363807e-212,4.235359544922812e-05,0.0013162755651289365
average,4,5,医生,中医,1093666,0.2373487262099946,0.0,-2.137080194475353e-05,0.0008828083449946123
average,4,6,医生,医保,413996,0.34825113537633023,0.0,-0.00012467949660157883,0.0015955169731683941
average,4,7,医生,贪腐,604788,0.15393513743681717,0.0,-5.114112521752169e-06,0.001270663226985129
average,4,9,医生,男女平等,988650,0.04237419945847765,0.0,4.985034128312551e-05,0.001012559776907411
average,4,10,医生,LGBT,1074187,-0.08519063243471829,0.0,-3.5675008281333755e-05,0.0009784641228295363
average,4,11,医生,婚姻,2903243,0.06863095562893452,0.0,4.273820400961133e-05,0.0005835877472211705
average,4,12,医生,生育,1641232,0.0768529538970112,0.0,1.145744163770214e-05,0.0007517322256305516
average,4,13,医生,能源与环境,840393,0.2136261304810316,0.0,-1.9016083645896655e-05,0.0010978141889827872
average,4,14,医生,就业问题,1630320,0.13411401158954428,0.0,1.3475494797799969e-05,0.0007773999103635244
average,4,15,医生,经济,508038,0.22366942751226088,0.0,2.2559317096580536e-06,0.001402433130189518
average,4,16,医生,疫情防控,1395307,0.31170887013453097,0.0,5.430834398265094e-06,0.0008174917308333574
average,5,6,中医,医保,195958,0.23510783333090535,0.0,1.3968992790118685e-05,0.002182115274305297
average,5,7,中医,贪腐,276819,0.05710099187424868,1.2980756816618e-198,9.957020086050142e-05,0.0019200494846971661
average,5,9,中医,男女平等,353107,0.009877849318479834,4.362744501173617e-09,3.3669038222801544e-05,0.0015455614922987278
average,5,10,中医,LGBT,377166,-0.03668149921176815,1.8832405276286522e-112,-2.189932212928814e-05,0.001585782141889224
average,5,11,中医,婚姻,897512,0.08373484664319936,0.0,3.722197543992032e-05,0.0010734817057289484
average,5,12,中医,生育,569131,0.1346885623933779,0.0,-2.5106443119496394e-05,0.0013272916732668027
average,5,13,中医,能源与环境,350050,0.13148709825817337,0.0,-3.2380574200396793e-06,0.0016836390407986915
average,5,14,中医,就业问题,585158,0.11885132722480216,0.0,1.0372189980261066e-05,0.0013358521029495482
average,5,15,中医,经济,255302,0.19264679664466436,0.0,-4.026656487952683e-05,0.0019869107429582567
average,5,16,中医,疫情防控,488989,0.2292589537524962,0.0,7.709234118373488e-05,0.0014282578543256918
average,6,7,医保,贪腐,179296,0.24599990155673324,0.0,9.251912507733581e-06,0.0023767879518571777
average,6,9,医保,男女平等,179834,0.016203730065907494,6.335543646993322e-12,-0.00015690574578932574,0.002343193349658065
average,6,10,医保,LGBT,153867,-0.10556495976352122,0.0,-6.890863119537091e-05,0.0025024270308325546
average,6,11,医保,婚姻,339450,0.1165063345026369,0.0,-0.00010479217697615306,0.0017119805104923397
average,6,12,医保,生育,261529,0.1583699109224649,0.0,4.1437946614897304e-05,0.0019302848940231465
average,6,13,医保,能源与环境,193156,0.2591405338036105,0.0,0.00011549345262850964,0.002224059629708455
average,6,14,医保,就业问题,315140,0.3128325736781365,0.0,-0.00010016334149901548,0.0018005329496758693
average,6,15,医保,经济,173962,0.4149254967594169,0.0,-2.3405594069516196e-05,0.0023904605696378834
average,6,16,医保,疫情防控,280079,0.3700981295435567,0.0,-5.8446581902860535e-05,0.0018666801092093713
average,7,9,贪腐,男女平等,295952,0.1107790014000166,0.0,1.3643750476492605e-06,0.001800345547105261
average,7,10,贪腐,LGBT,261276,-0.034033926480385376,8.0433783228808e-68,1.8782295499070197e-05,0.001935325925350694
average,7,11,贪腐,婚姻,544085,0.02820714596269475,3.492934724163443e-96,-4.362826213232709e-05,0.0013364207309290211
average,7,12,贪腐,生育,397808,0.046107586083668,3.990403568555209e-186,-4.074030557553354e-05,0.0016002820342947248
average,7,13,贪腐,能源与环境,335007,0.18270652077077135,0.0,5.801047935276745e-05,0.0017072990647084311
average,7,14,贪腐,就业问题,477583,0.25382721151536075,0.0,1.8734157920515305e-05,0.0014140963785695838
average,7,15,贪腐,经济,308216,0.2836968756417267,0.0,-5.512024326538491e-05,0.0017953880079280345
average,7,16,贪腐,疫情防控,394329,0.2728039376723856,0.0,-9.844191101873759e-06,0.0015736072230609997
average,9,10,男女平等,LGBT,671368,-0.04598485187429983,5.2557238597866e-311,-1.5464865640641812e-05,0.0012144186558344812
average,9,11,男女平等,婚姻,1246386,-0.0033411012475750334,0.0001914284591333012,1.5182611210471844e-05,0.0008849764437775573
average,9,12,男女平等,生育,881201,-0.0022275535487671734,0.03652308635389021,5.277134426728095e-05,0.0010988696766010776
average,9,13,男女平等,能源与环境,360865,0.03488542726527681,1.4371419171443675e-97,9.660735396430948e-06,0.00166627032700609
average,9,14,男女平等,就业问题,724506,0.04840710674364968,0.0,-2.0753834531748552e-05,0.001148198290982114
average,9,15,男女平等,经济,238711,0.0034026485738869777,0.09641973991248551,-6.113290126483639e-05,0.0021169839171374994
average,9,16,男女平等,疫情防控,596360,0.03824492667981544,7.582022115901118e-192,3.576769018831994e-05,0.0013028374582384206
average,10,11,LGBT,婚姻,1408147,-0.0075255169412958445,4.248511545110755e-19,1.7259930660498467e-05,0.0008537942815916143
average,10,12,LGBT,生育,895335,-0.025984475217959754,1.5695765445116881e-133,4.1661802737631365e-05,0.0010294187343338453
average,10,13,LGBT,能源与环境,316655,-0.053654600931151854,1.540821392457789e-200,-3.5874382995830826e-05,0.0017597024787853542
average,10,14,LGBT,就业问题,745313,-0.04743832659622187,0.0,4.844623398314731e-05,0.0011309949056988713
average,10,15,LGBT,经济,211684,-0.09863070866013411,0.0,1.6113164518773574e-05,0.002194067396856602
average,10,16,LGBT,疫情防控,566820,-0.11530920792531123,0.0,5.615967578842667e-06,0.0013181877478921045
average,11,12,婚姻,生育,2402027,0.32901526220605415,0.0,-4.312289283087064e-06,0.0006509934979687318
average,11,13,婚姻,能源与环境,769424,0.07708091255212514,0.0,7.77699139162007e-05,0.0011242924593265005
average,11,14,婚姻,就业问题,1996397,0.04344614291146901,0.0,3.66955000764548e-05,0.0007254877535368921
average,11,15,婚姻,经济,504758,0.12085513342581794,0.0,-2.7620005491535395e-05,0.0014311435464596507
average,11,16,婚姻,疫情防控,1377517,0.1157208135018806,0.0,-1.1945089496111774e-06,0.0008466052753075345
average,12,13,生育,能源与环境,491042,0.09042749049394792,0.0,-4.066235837361236e-05,0.0013817340186547007
average,12,14,生育,就业问题,1131399,0.06359098646540949,0.0,-2.2689745578643792e-05,0.0009454173599076468
average,12,15,生育,经济,381269,0.19056809634576535,0.0,8.454650162177111e-05,0.0016536765480434682
average,12,16,生育,疫情防控,867874,0.20180218660576243,0.0,2.5197100947522385e-05,0.001023026052455817
average,13,14,能源与环境,就业问题,630502,0.1946231996198825,0.0,-5.763337165257093e-05,0.0012768091705555424
average,13,15,能源与环境,经济,316106,0.16896822380538215,0.0,2.2800201836072475e-05,0.0018343755308359354
average,13,16,能源与环境,疫情防控,535582,0.20706983468090887,0.0,1.7703237889011448e-05,0.0013586291399912149
average,14,15,就业问题,经济,550800,0.3953098819457174,0.0,3.086851372390682e-05,0.0013151512415914707
average,14,16,就业问题,疫情防控,1007953,0.25460728074379585,0.0,-1.8484018179439797e-05,0.0010121204139886479
average,15,16,经济,疫情防控,372221,0.4241875819779387,0.0,-6.901658717882292e-05,0.0017086417176649022
