year,Topic1,Topic2,tid1,tid2,Intersection,Correlation (Pearson),P-Value (Pearson)
2020,LGBT,Abortion,LGBT,Abortion,34836,0.5919179889448439,0.0
average,LGBT,Abortion,LGBT,Abortion,34836,0.5919179889448439,0.0
2020,LGBT,DeathPenalty,LGBT,DeathPenalty,34730,0.08171675989066354,1.5558427019899217e-52
average,LGBT,DeathPenalty,LGBT,DeathPenalty,34730,0.08171675989066354,1.5558427019899217e-52
2020,LGBT,SocialMedia,LGBT,SocialMedia,34602,-0.08497742191788957,1.7775775788706608e-56
average,LGBT,SocialMedia,LGBT,SocialMedia,34602,-0.08497742191788957,1.7775775788706608e-56
2020,LGBT,Egalitarian,LGBT,Egalitarian,34820,0.03576912055730683,2.447882258365057e-11
average,LGBT,Egalitarian,LGBT,Egalitarian,34820,0.03576912055730683,2.447882258365057e-11
2020,LGBT,Environment,LGBT,Environment,35089,0.3116127301073343,0.0
average,LGBT,Environment,LGBT,Environment,35089,0.3116127301073343,0.0
2020,LGBT,Prostitution,LGBT,Prostitution,34705,0.2989189736163123,0.0
average,LGBT,Prostitution,LGBT,Prostitution,34705,0.2989189736163123,0.0
2020,LGBT,HealthCare,LGBT,HealthCare,35011,0.07175312899197753,3.396251221417355e-41
average,LGBT,HealthCare,LGBT,HealthCare,35011,0.07175312899197753,3.396251221417355e-41
2020,LGBT,UnemplyAid,LGBT,UnemplyAid,33868,0.08213191555837351,8.824684168675523e-52
average,LGBT,UnemplyAid,LGBT,UnemplyAid,33868,0.08213191555837351,8.824684168675523e-52
2020,Abortion,DeathPenalty,Abortion,DeathPenalty,34945,0.049479511610674,2.145703002082875e-20
average,Abortion,DeathPenalty,Abortion,DeathPenalty,34945,0.049479511610674,2.145703002082875e-20
2020,Abortion,SocialMedia,Abortion,SocialMedia,34859,-0.08112789102345525,5.461064257774424e-52
average,Abortion,SocialMedia,Abortion,SocialMedia,34859,-0.08112789102345525,5.461064257774424e-52
2020,Abortion,Egalitarian,Abortion,Egalitarian,35027,0.05258554580575965,6.984425801013009e-23
average,Abortion,Egalitarian,Abortion,Egalitarian,35027,0.05258554580575965,6.984425801013009e-23
2020,Abortion,Environment,Abortion,Environment,35290,0.254227579742165,0.0
average,Abortion,Environment,Abortion,Environment,35290,0.254227579742165,0.0
2020,Abortion,Prostitution,Abortion,Prostitution,34887,0.3526626789981623,0.0
average,Abortion,Prostitution,Abortion,Prostitution,34887,0.3526626789981623,0.0
2020,Abortion,HealthCare,Abortion,HealthCare,35217,0.044144472760324224,1.1518504727179377e-16
average,Abortion,HealthCare,Abortion,HealthCare,35217,0.044144472760324224,1.1518504727179377e-16
2020,Abortion,UnemplyAid,Abortion,UnemplyAid,34053,0.105105133114276,2.988927752379019e-84
average,Abortion,UnemplyAid,Abortion,UnemplyAid,34053,0.105105133114276,2.988927752379019e-84
2020,DeathPenalty,SocialMedia,DeathPenalty,SocialMedia,34944,-0.009279888971879752,0.08279500078814331
average,DeathPenalty,SocialMedia,DeathPenalty,SocialMedia,34944,-0.009279888971879752,0.08279500078814331
2020,DeathPenalty,Egalitarian,DeathPenalty,Egalitarian,35132,0.11153860054805545,1.2071965295179643e-97
average,DeathPenalty,Egalitarian,DeathPenalty,Egalitarian,35132,0.11153860054805545,1.2071965295179643e-97
2020,DeathPenalty,Environment,DeathPenalty,Environment,35395,0.17917174400256336,4.009982426601583e-253
average,DeathPenalty,Environment,DeathPenalty,Environment,35395,0.17917174400256336,4.009982426601583e-253
2020,DeathPenalty,Prostitution,DeathPenalty,Prostitution,34951,-0.04438585681591419,1.0253435650257402e-16
average,DeathPenalty,Prostitution,DeathPenalty,Prostitution,34951,-0.04438585681591419,1.0253435650257402e-16
2020,DeathPenalty,HealthCare,DeathPenalty,HealthCare,35287,0.02840491520098575,9.4651389755515e-08
average,DeathPenalty,HealthCare,DeathPenalty,HealthCare,35287,0.02840491520098575,9.4651389755515e-08
2020,DeathPenalty,UnemplyAid,DeathPenalty,UnemplyAid,34129,0.16347424563190935,4.875368699189846e-203
average,DeathPenalty,UnemplyAid,DeathPenalty,UnemplyAid,34129,0.16347424563190935,4.875368699189846e-203
2020,SocialMedia,Egalitarian,SocialMedia,Egalitarian,35094,0.023667463128883,9.242255916988516e-06
average,SocialMedia,Egalitarian,SocialMedia,Egalitarian,35094,0.023667463128883,9.242255916988516e-06
2020,SocialMedia,Environment,SocialMedia,Environment,35357,-0.05593673311387207,6.562493664282973e-26
average,SocialMedia,Environment,SocialMedia,Environment,35357,-0.05593673311387207,6.562493664282973e-26
2020,SocialMedia,Prostitution,SocialMedia,Prostitution,34875,-0.011836030080222711,0.027080258086867617
average,SocialMedia,Prostitution,SocialMedia,Prostitution,34875,-0.011836030080222711,0.027080258086867617
2020,SocialMedia,HealthCare,SocialMedia,HealthCare,35293,0.07249928680278975,2.396552413685174e-42
average,SocialMedia,HealthCare,SocialMedia,HealthCare,35293,0.07249928680278975,2.396552413685174e-42
2020,SocialMedia,UnemplyAid,SocialMedia,UnemplyAid,34101,0.031341925672015644,7.082657969278784e-09
average,SocialMedia,UnemplyAid,SocialMedia,UnemplyAid,34101,0.031341925672015644,7.082657969278784e-09
2020,Egalitarian,Environment,Egalitarian,Environment,35607,0.04201356575957177,2.1720199073549432e-15
average,Egalitarian,Environment,Egalitarian,Environment,35607,0.04201356575957177,2.1720199073549432e-15
2020,Egalitarian,Prostitution,Egalitarian,Prostitution,35057,0.04908680221094642,3.715563142292823e-20
average,Egalitarian,Prostitution,Egalitarian,Prostitution,35057,0.04908680221094642,3.715563142292823e-20
2020,Egalitarian,HealthCare,Egalitarian,HealthCare,35490,-0.023641936260614997,8.41593725168041e-06
average,Egalitarian,HealthCare,Egalitarian,HealthCare,35490,-0.023641936260614997,8.41593725168041e-06
2020,Egalitarian,UnemplyAid,Egalitarian,UnemplyAid,34325,0.19298422654557845,2.955076277717497e-285
average,Egalitarian,UnemplyAid,Egalitarian,UnemplyAid,34325,0.19298422654557845,2.955076277717497e-285
2020,Environment,Prostitution,Environment,Prostitution,35318,0.11861240950193201,7.863203332400017e-111
average,Environment,Prostitution,Environment,Prostitution,35318,0.11861240950193201,7.863203332400017e-111
2020,Environment,HealthCare,Environment,HealthCare,35759,0.038826373886735814,2.0637635287172296e-13
average,Environment,HealthCare,Environment,HealthCare,35759,0.038826373886735814,2.0637635287172296e-13
2020,Environment,UnemplyAid,Environment,UnemplyAid,34575,0.12167507875571505,3.709917063824823e-114
average,Environment,UnemplyAid,Environment,UnemplyAid,34575,0.12167507875571505,3.709917063824823e-114
2020,Prostitution,HealthCare,Prostitution,HealthCare,35216,0.028639335840045965,7.643471411162534e-08
average,Prostitution,HealthCare,Prostitution,HealthCare,35216,0.028639335840045965,7.643471411162534e-08
2020,Prostitution,UnemplyAid,Prostitution,UnemplyAid,34067,0.10607313220882549,8.100723139995049e-86
average,Prostitution,UnemplyAid,Prostitution,UnemplyAid,34067,0.10607313220882549,8.100723139995049e-86
2020,HealthCare,UnemplyAid,HealthCare,UnemplyAid,34487,0.004036937586054763,0.4534580146465986
average,HealthCare,UnemplyAid,HealthCare,UnemplyAid,34487,0.004036937586054763,0.4534580146465986
