year,Topic1,Topic2,Intersection,Correlation (Pearson),P-Value (Pearson),shuffled_pearson,shuffled_pearson_std
2016,abo,clc,15667,0.12086962155819048,4.549733444414646e-52,-4.9624382124049496e-05,0.008059226636029086
2016,abo,gun,14676,0.111118342930503,1.5205582611970886e-41,-0.00010524516133296778,0.008225656625938008
2016,abo,sxo,15499,0.15757203657398355,1.001902584898476e-86,-4.746663704937711e-05,0.00801511954726375
2016,clc,gun,12670,0.10189114686430892,1.35351299315715e-30,7.961432386613409e-05,0.008856055804529197
2016,clc,sxo,12594,0.12507669714535308,4.3478027072355687e-45,-7.54147442042507e-05,0.008928766558170523
2016,gun,sxo,11566,0.11495508396449751,2.5272399127446793e-35,3.52489755857824e-05,0.009300209412023345
2017,abo,clc,23612,0.09889583541088937,2.1331028459173313e-52,-5.300654634828378e-05,0.00653643090193675
2017,abo,gun,20144,0.1228099290611126,1.549409687350723e-68,-3.259511543256511e-05,0.006965059405277159
2017,abo,sxo,20792,0.14801138431235664,3.730309157148195e-102,-1.7160735954235853e-06,0.00698194703488071
2017,clc,gun,17511,0.09636370686005753,2.10530295671088e-37,4.820010500448383e-05,0.007589956284604778
2017,clc,sxo,17725,0.11141476956309695,4.543698990977412e-50,3.2297325964939014e-05,0.007461833758049606
2017,gun,sxo,14256,0.08931708399182982,1.1997250315182875e-26,-2.9309721804719158e-05,0.008415435325146804
2018,abo,clc,24369,0.14114814154624408,1.1958989848884386e-108,-2.28031201785651e-05,0.006410412002991661
2018,abo,gun,27241,0.13157376286753666,1.867796239808692e-105,-6.3198973564368365e-06,0.006081214829706926
2018,abo,sxo,20308,0.16633347495040032,6.503433429606433e-126,-8.430355820538604e-06,0.007066064566488806
2018,clc,gun,22661,0.1460389353303352,3.0610920291985335e-108,1.1428991366058175e-05,0.006561832703685113
2018,clc,sxo,16275,0.16738015211287938,1.4439517660488813e-102,6.374798321878011e-05,0.0078219064348747
2018,gun,sxo,17078,0.1331651796418923,2.0702134630573387e-68,-3.867890976264022e-05,0.007624732503538883
2019,abo,clc,24315,0.16871830036638907,1.0356305287048215e-154,-7.346212703140822e-05,0.006375869384038312
2019,abo,gun,26114,0.17600013236393505,1.0736928421261052e-180,3.940465369892912e-05,0.006241866802171932
2019,abo,sxo,21506,0.1889468745492077,5.052974845918251e-172,1.0053396306084345e-06,0.006799797017519027
2019,clc,gun,22747,0.19635077182508573,1.7591327662504346e-196,0.0001925245579718938,0.006678222875610864
2019,clc,sxo,17842,0.16984726513921247,1.4024676516967596e-115,2.1528551109889344e-05,0.007522003981176306
2019,gun,sxo,17298,0.17207271145251546,4.591349728879158e-115,-3.4271946482917648e-06,0.007579982227504858
2020,abo,clc,22777,0.12898080508428625,4.4204778134545256e-85,3.18968510951657e-05,0.006647916279008911
2020,abo,gun,21733,0.09654375340854462,3.610474135030497e-46,-5.301931176813812e-05,0.006836262524331435
2020,abo,sxo,15928,0.12477315989256663,2.7527064387550616e-56,0.00014399104942453968,0.007908775136687448
2020,clc,gun,18053,0.18180155898959863,5.888741714671961e-134,2.670305822294593e-05,0.007355324374699993
2020,clc,sxo,13420,0.1905563247661537,6.133785387976712e-110,-0.00016017281372618651,0.00856124696120055
2020,gun,sxo,10975,0.1353352286054474,5.034716637248216e-46,-3.520022895706047e-05,0.009470057789830332
2021,abo,clc,222345,0.22733411875044904,0.0,1.4124294579593007e-05,0.002126793725130504
2021,abo,gun,231482,0.20990701453080784,0.0,-5.9005520149824435e-06,0.0020918789456349026
2021,abo,sxo,171869,0.2252853448508854,0.0,1.481641560259539e-05,0.002426931448031447
2021,abo,vac,200259,-0.14158606180134575,0.0,-1.3062079380464082e-05,0.0022604494501857995
2021,abo,soc,44598,-0.019977303292051104,2.4521711848595502e-05,-4.319751082770344e-05,0.004735927501184667
2021,abo,dpp,45879,0.2162456486407114,0.0,9.392467958605235e-05,0.004740660596148543
2021,abo,minwage,87697,0.12776330737404132,8.23243365e-316,-1.0474060824349077e-05,0.003389028866596466
2021,abo,ubi,17038,0.17007905124079026,9.261820046583871e-111,1.1893656080676468e-06,0.007631477007586616
2021,clc,gun,225432,0.23406402494851525,0.0,-2.087674771283481e-05,0.0021215502275956245
2021,clc,sxo,183060,0.2648084050897754,0.0,-1.223223798272018e-05,0.0023459506576019164
2021,clc,vac,216334,-0.12318960656393359,0.0,1.0149262889024813e-05,0.0021445384154326736
2021,clc,soc,48542,-0.017196851369298386,0.000151233168994952,1.0871271875755498e-06,0.004537130869836802
2021,clc,dpp,47158,0.2795232060343699,0.0,-5.3367375951442584e-05,0.004625436852314552
2021,clc,minwage,94588,0.12447640709683434,3e-323,9.069388298179845e-06,0.003233484173310222
2021,clc,ubi,21595,0.1719344048538524,6.29875876267846e-143,-3.4376183121786294e-05,0.006801051663171775
2021,gun,sxo,166133,0.2111645070424262,0.0,2.388111415115379e-06,0.0024606657115993765
2021,gun,vac,215628,-0.1486262093721633,0.0,-2.1804542115956295e-06,0.0021422654615196584
2021,gun,soc,47221,-0.02410044411925704,1.625518576449651e-07,9.350821023935975e-05,0.004611094239209072
2021,gun,dpp,48702,0.19596657342910836,0.0,5.7692153434406235e-05,0.004524105527937331
2021,gun,minwage,86995,0.1130752773861433,1.9473648069139673e-245,3.3378440596434247e-05,0.00334441350964009
2021,gun,ubi,16871,0.1701491778281821,8.772248217418529e-110,-0.00011778054989118574,0.007696047450346314
2021,sxo,vac,146136,-0.14370509266348552,0.0,-2.258339125529691e-05,0.0026196704844468283
2021,sxo,soc,44650,0.01241869036186205,0.008686172674362811,-1.9842595071057443e-05,0.004754834390467891
2021,sxo,dpp,38541,0.21951754040588867,0.0,4.091420218017325e-05,0.005108903055539419
2021,sxo,minwage,73067,0.12443945845027318,5.846664361882296e-250,2.288454274565788e-05,0.0037292920321106674
2021,sxo,ubi,15961,0.19687447314764278,3.264278429312882e-139,8.868549014480884e-05,0.007822516021365727
2021,vac,soc,45545,0.0068303007012712165,0.1449369795050036,0.0001296500331284955,0.004685393385270213
2021,vac,dpp,41857,-0.11374773001924246,1.4873755325886165e-120,-3.846053005986102e-05,0.0049590794499613546
2021,vac,minwage,76205,-0.07214571503509538,1.7705686329147304e-88,-7.511112607909345e-06,0.0036045988903900057
2021,vac,ubi,16439,-0.10635338262852267,1.455469887230435e-42,-4.939342999330182e-06,0.007808818415401023
2021,soc,dpp,13413,-0.048266706676513796,2.235352481240758e-08,6.250337992766864e-05,0.008589814755257429
2021,soc,minwage,21312,-0.037409169090469915,4.6863525641077633e-08,1.0324892633851873e-05,0.0069063916645717505
2021,soc,ubi,5828,-0.0033054545050532754,0.8008173939907414,0.00010891043360507085,0.013071075238129615
2021,dpp,minwage,22779,0.13347654974828765,4.8430758452050285e-91,0.00010681624203774391,0.006691801274149636
2021,dpp,ubi,5914,0.20722758741389063,2.2375260873533618e-58,0.00011591461020373406,0.012968623211396003
2021,minwage,ubi,12809,0.1476758066837317,2.2790241069268095e-63,4.5093927778029624e-05,0.008824991732859009
2022,abo,clc,491569,0.22172626668209525,0.0,-2.3847648373939743e-05,0.0014341159638050736
2022,abo,gun,500046,0.21388757147357054,0.0,-2.12421317113732e-06,0.001418490028525027
2022,abo,sxo,501188,0.26995815398296164,0.0,4.511152815698433e-06,0.0014103759388635752
2022,abo,vac,304150,-0.16691575694709848,0.0,-1.1271554200274105e-05,0.0017866998742986644
2022,abo,minwage,4255,0.0752130347859236,9.029477213822093e-07,0.00010513446629943575,0.015222658568577097
2022,clc,gun,458012,0.24748782748406728,0.0,1.2789171692336221e-06,0.0014717007787388042
2022,clc,sxo,486972,0.28628186785945076,0.0,2.75959532215054e-06,0.0014421838027640925
2022,clc,vac,317744,-0.12364800596295564,0.0,1.0758876444571532e-06,0.0017813928157578516
2022,clc,minwage,4157,-0.07678275232515518,7.181801652351005e-07,0.00020098012624877529,0.01550152058211955
2022,gun,sxo,448467,0.2576406104447519,0.0,1.4558952654996937e-05,0.001509466906982484
2022,gun,vac,298076,-0.1542058155232881,0.0,-2.7824828900403953e-05,0.001854353161252027
2022,gun,minwage,4085,-0.011799981860939357,0.4508615115848277,1.2607985280346368e-05,0.015764035168287168
2022,sxo,vac,282725,-0.16933431004231456,0.0,-4.5559949388868094e-08,0.0018882945017009635
2022,sxo,minwage,4054,-0.028910044843327418,0.06568762577066756,0.0001873882968294177,0.0157352469240578
2022,vac,minwage,3134,-0.010195031444471809,0.5683204358153112,4.831693841402802e-05,0.01790086927757838
2023,abo,clc,123753,0.2594020394926147,0.0,2.8585837749551328e-05,0.002814991894112349
2023,abo,gun,144813,0.24457873144386466,0.0,-5.951584907869692e-06,0.002601422425733032
2023,abo,sxo,100567,0.2779598486198627,0.0,1.7060429439495928e-06,0.003105262071076096
2023,clc,gun,97679,0.24989075559004437,0.0,1.5155075798352063e-05,0.0031949834374044926
2023,clc,sxo,72756,0.2599618302481302,0.0,2.122146753396814e-05,0.003688468250140223
2023,gun,sxo,74744,0.23939942017633611,0.0,1.6789934234917405e-05,0.0036286708209531953
average,abo,clc,699289,0.21636664944131356,0.0,-2.7369721040645632e-05,0.001184308036851332
average,abo,gun,700180,0.2134921574542032,0.0,-3.4616191052239565e-06,0.0012088939986158057
average,abo,sxo,680014,0.25957393740279383,0.0,1.07293256772761e-05,0.001223488068964286
average,abo,vac,457922,-0.1513549831396497,0.0,1.581084367749007e-05,0.001477714179570446
average,abo,soc,68202,0.0056163136678449126,0.1424539301434242,2.0289327433651612e-05,0.003858132851066847
average,abo,dpp,61193,0.2490177837081245,0.0,7.467936219992371e-06,0.0040449675066634785
average,abo,minwage,129244,0.1289739310409631,0.0,1.00078038259778e-05,0.0028104245659978373
average,abo,ubi,24261,0.18715540869347255,4.0988226005577265e-190,3.289024218600437e-05,0.006433559583359799
average,clc,gun,656521,0.23733034864125183,0.0,-1.7377953335027067e-05,0.0012188856012031086
average,clc,sxo,673319,0.27611615472330164,0.0,-4.71163021712014e-06,0.001228368390377024
average,clc,vac,471984,-0.10244527857336026,0.0,1.2105834667952294e-05,0.0014646993381252208
average,clc,soc,68670,-0.0012449401699295998,0.7442501345684183,-4.5496129424926843e-05,0.0038164236060253616
average,clc,dpp,60812,0.29462031982111814,0.0,-3.217465863578195e-06,0.00411152931868303
average,clc,minwage,129120,0.11778246824973795,0.0,6.099744563911751e-05,0.00277707301071375
average,clc,ubi,27294,0.18281892029240826,9.111991346152039e-204,2.73104956169864e-06,0.006065572943717685
average,gun,sxo,615794,0.2497113461537513,0.0,-1.8641702968039437e-06,0.0012839874804497873
average,gun,vac,453063,-0.1542098977671511,0.0,-2.916228008293204e-06,0.001485656909143118
average,gun,soc,68112,-0.005526007435944714,0.1492523897109853,-1.6890700676670035e-05,0.0038641538412149045
average,gun,dpp,61561,0.23382511696980218,0.0,6.2608950026433875e-06,0.004048133763069422
average,gun,minwage,123910,0.11971800227837323,0.0,-1.1189785129365035e-05,0.002794310207269454
average,gun,ubi,23050,0.17239835078786986,3.01489415857868e-153,-2.475350763907984e-05,0.006602395722459696
average,sxo,vac,414335,-0.1562229060498583,0.0,1.0150295150298571e-05,0.001580195623605059
average,sxo,soc,69552,0.027979580488895508,1.5794909364568523e-13,-7.660897634354378e-05,0.0038110112360088618
average,sxo,dpp,58282,0.27229215314162625,0.0,9.797052328519792e-06,0.0041086403072206155
average,sxo,minwage,122657,0.1346489262916325,0.0,-9.427094188786387e-06,0.00284895135136095
average,sxo,ubi,23908,0.211368782224384,1.3313455662035798e-239,-0.0001598151236515687,0.006540627212713872
average,vac,soc,55651,0.0003970337106240789,0.9253792497733109,-5.1488389821987914e-05,0.004258327486875902
average,vac,dpp,49887,-0.12398013188485779,4.577563011141713e-170,3.786092551762034e-05,0.004508661007494842
average,vac,minwage,96760,-0.07184879631253503,6.43053664393585e-111,5.543206840623225e-05,0.003208875830636958
average,vac,ubi,20163,-0.11340533671028699,1.0592138203867883e-58,-5.56309211020697e-05,0.007037367200885294
average,soc,dpp,13413,-0.048266706676513796,2.235352481240758e-08,1.9206677367289804e-05,0.008605577667618628
average,soc,minwage,21465,-0.03602213669356387,1.2990008133472198e-07,6.061590058564198e-05,0.006923624447959025
average,soc,ubi,5828,-0.0033054545050532754,0.8008173939907414,-4.140358411339896e-05,0.0131754799151309
average,dpp,minwage,22967,0.13341368966525607,1.0835678754576017e-91,0.00010357071702014275,0.006652397287227896
average,dpp,ubi,5914,0.20722758741389063,2.2375260873533618e-58,-5.2114492240809504e-05,0.012911407714422176
average,minwage,ubi,12896,0.14773856806842753,7.699843618912591e-64,6.219469006097544e-05,0.00888763461164694
