topic,word,pos,Frequency,TF,IDF,TF-IDF
LGBT,homosexuality,NN,1,0.1,1.7047480922384253,0.17047480922384253
Abortion,abortion,NN,1,0.1,1.7047480922384253,0.17047480922384253
DeathPenalty,death,NN,1,0.09090909090909091,1.7047480922384253,0.15497709929440232
DeathPenalty,penalty,NN,1,0.09090909090909091,1.7047480922384253,0.15497709929440232
Egalitarian,responsibility,NN,2,0.11764705882352941,1.7047480922384253,0.20055859908687357
Egalitarian,individuals,NN,1,0.058823529411764705,1.7047480922384253,0.10027929954343678
Environment,environment,NN,3,0.14285714285714285,1.7047480922384253,0.24353544174834646
Environment,pollution,NN,1,0.047619047619047616,1.7047480922384253,0.08117848058278215
SocialMedia,media,NN,1,0.09090909090909091,1.7047480922384253,0.15497709929440232
Prostitution,prostitution,NN,1,0.1,1.7047480922384253,0.17047480922384253
HealthCare,care,NN,1,0.08333333333333333,1.7047480922384253,0.14206234101986875
HealthCare,health,NN,1,0.08333333333333333,1.7047480922384253,0.14206234101986875
UnemployAid,democracy,NN,2,0.16666666666666666,1.7047480922384253,0.2841246820397375
UnemployAid,aid,NN,1,0.08333333333333333,1.7047480922384253,0.14206234101986875
UnemployAid,unemployment,NN,1,0.08333333333333333,1.7047480922384253,0.14206234101986875
Press,press,NN,1,0.09090909090909091,1.7047480922384253,0.15497709929440232
