topic,word,pos,ngram,Frequency,df,TF,IDF,TF-IDF,anchor,anchor_sim,other_sim,selected_by
Abortion,abortion,NN,1,1.0,1.0,0.1,1.7047480922384253,0.1704748092238425,abortion,0.9999999999999998,0.4837781964120321,rule
DeathPenalty,death penalty,NP,2,1.0,1.0,0.0833333333333333,1.7047480922384253,0.1420623410198687,death penalty,1.0000000000000002,0.429172095492352,rule
DeathPenalty,penalty,NN,1,1.0,1.0,0.0833333333333333,1.7047480922384253,0.1420623410198687,death penalty,0.5583507035137336,0.33996877310555285,rule
DeathPenalty,death,NN,1,1.0,1.0,0.0833333333333333,1.7047480922384253,0.1420623410198687,death penalty,0.5451328796838582,0.40419182014481925,rule
Egalitarian,state,NN,1,1.0,1.0,0.0454545454545454,1.7047480922384253,0.0774885496472011,welfare state,0.3397765664406919,0.28433166613731164,rule
Egalitarian,responsibility,,1,,,,,,welfare state,0.25715071884511975,0.329219077439712,review
Egalitarian,individual,,1,,,,,,welfare state,0.15806492431623004,0.25327965549038345,review
Environment,environmental,JJ,1,2.0,1.0,0.0625,1.7047480922384253,0.1065467557649015,environmental protection,0.7255791672644798,0.31161047217664917,rule
Environment,environmental pollution,NP,2,1.0,1.0,0.03125,1.7047480922384253,0.0532733778824507,environmental protection,0.7063174088705049,0.2546645833893534,rule
Environment,environmental threat,NP,2,1.0,1.0,0.03125,1.7047480922384253,0.0532733778824507,environmental protection,0.6148527475781896,0.22734499048972728,rule
Environment,environment,NN,1,3.0,1.0,0.09375,1.7047480922384253,0.1598201336473523,environmental protection,0.5609189173381097,0.28196756003593076,rule
Environment,pollution,NN,1,1.0,1.0,0.03125,1.7047480922384253,0.0532733778824507,environmental protection,0.5210566001292651,0.3536273097007273,rule
Environment,protect,VB,1,1.0,1.0,0.03125,1.7047480922384253,0.0532733778824507,environmental protection,0.4870019643990019,0.28220754259193026,rule
HealthCare,health care,NP,2,1.0,1.0,0.0666666666666666,1.7047480922384253,0.113649872815895,health care,0.9999999999999998,0.38555037716496776,rule
HealthCare,health care system,NP,3,1.0,1.0,0.0666666666666666,1.7047480922384253,0.113649872815895,health care,0.784930730227899,0.39896425942845753,rule
HealthCare,health,NN,1,1.0,1.0,0.0666666666666666,1.7047480922384253,0.113649872815895,health care,0.5782023586202305,0.3547359848553757,rule
HealthCare,care system,NP,2,1.0,1.0,0.0666666666666666,1.7047480922384253,0.113649872815895,health care,0.5379481919599574,0.43523448203242276,rule
HealthCare,care,NN,1,1.0,1.0,0.0666666666666666,1.7047480922384253,0.113649872815895,health care,0.45488255066409017,0.3232273851058573,rule
LGBT,homosexuality,NN,1,1.0,1.0,0.1,1.7047480922384253,0.1704748092238425,homosexuality,1.0000000000000002,0.40899136798097024,rule
Press,press,NN,1,1.0,1.0,0.0625,1.7047480922384253,0.1065467557649015,news press,0.501881060977623,0.3230446765702414,rule
Prostitution,prostitution,NN,1,1.0,1.0,0.1,1.7047480922384253,0.1704748092238425,prostitution,1.0000000000000002,0.48377819641203207,rule
SocialMedia,social media,NP,2,1.0,1.0,0.0555555555555555,1.7047480922384253,0.0947082273465791,social media,1.0,0.38009277423304144,rule
SocialMedia,social,JJ,1,1.0,1.0,0.0555555555555555,1.7047480922384253,0.0947082273465791,social media,0.6216579382087669,0.34266503586769936,rule
SocialMedia,media,NN,1,1.0,1.0,0.0555555555555555,1.7047480922384253,0.0947082273465791,social media,0.5363323306740442,0.4382879097883726,rule
UnemployAid,unemployment aid,NP,2,1.0,1.0,0.0454545454545454,1.7047480922384253,0.0774885496472011,unemployment aid,0.9999999999999999,0.41932095942525593,rule
UnemployAid,unemployment,NN,1,1.0,1.0,0.0454545454545454,1.7047480922384253,0.0774885496472011,unemployment aid,0.767998283718876,0.43226751635611094,rule
UnemployAid,unemployed,JJ,1,1.0,1.0,0.0454545454545454,1.7047480922384253,0.0774885496472011,unemployment aid,0.6260356348967309,0.30213371858979854,rule
UnemployAid,aid,NN,1,1.0,1.0,0.0454545454545454,1.7047480922384253,0.0774885496472011,unemployment aid,0.39328011611792335,0.37738699581876023,rule
