topic,word,pos,ngram,Frequency,df,TF,IDF,TF-IDF
Corrup,corruption,NN,1,3,1,0.1,1.7047480922384253,0.17047480922384253
Corrup,meaning,NN,1,3,1,0.1,1.7047480922384253,0.17047480922384253
Corrup,country,NN,1,3,3,0.1,1.0116009116784799,0.10116009116784799
Corrup,bribe,NN,1,1,1,0.03333333333333333,1.7047480922384253,0.05682493640794751
Corrup,favour,NN,1,1,1,0.03333333333333333,1.7047480922384253,0.05682493640794751
Corrup,gift,NN,1,1,1,0.03333333333333333,1.7047480922384253,0.05682493640794751
Corrup,like,VB,1,1,1,0.03333333333333333,1.7047480922384253,0.05682493640794751
Corrup,meaning situation,NP,2,1,1,0.03333333333333333,1.7047480922384253,0.05682493640794751
Corrup,obtain,VB,1,1,1,0.03333333333333333,1.7047480922384253,0.05682493640794751
Corrup,order,NN,1,1,1,0.03333333333333333,1.7047480922384253,0.05682493640794751
Corrup,pay,VB,1,1,1,0.03333333333333333,1.7047480922384253,0.05682493640794751
Corrup,place,VB,1,1,1,0.03333333333333333,1.7047480922384253,0.05682493640794751
Corrup,result,NN,1,1,1,0.03333333333333333,1.7047480922384253,0.05682493640794751
Corrup,service,NN,1,1,1,0.03333333333333333,1.7047480922384253,0.05682493640794751
Corrup,want,VB,1,1,1,0.03333333333333333,1.7047480922384253,0.05682493640794751
Corrup,deal,NN,1,1,2,0.03333333333333333,1.2992829841302609,0.04330943280434203
Corrup,great,JJ,1,1,2,0.03333333333333333,1.2992829841302609,0.04330943280434203
Corrup,great deal,NP,2,1,2,0.03333333333333333,1.2992829841302609,0.04330943280434203
Corrup,give,VB,1,1,3,0.03333333333333333,1.0116009116784799,0.03372003038928266
Corrup,situation,NN,1,1,3,0.03333333333333333,1.0116009116784799,0.03372003038928266
Corrup,scale,NN,1,1,4,0.03333333333333333,0.7884573603642703,0.026281912012142344
Corrup,think,VB,1,1,4,0.03333333333333333,0.7884573603642703,0.026281912012142344
Corrup,use,VB,1,1,4,0.03333333333333333,0.7884573603642703,0.026281912012142344
Corrup,people,NN,1,1,5,0.03333333333333333,0.6061358035703155,0.020204526785677183
GenderEqual,men,NN,1,3,1,0.07317073170731707,1.7047480922384253,0.12473766528573843
GenderEqual,woman,NN,1,3,1,0.07317073170731707,1.7047480922384253,0.12473766528573843
GenderEqual,general,JJ,1,2,1,0.04878048780487805,1.7047480922384253,0.08315844352382562
GenderEqual,better business,NP,2,1,1,0.024390243902439025,1.7047480922384253,0.04157922176191281
GenderEqual,better business executive,NP,3,1,1,0.024390243902439025,1.7047480922384253,0.04157922176191281
GenderEqual,boy,NN,1,1,1,0.024390243902439025,1.7047480922384253,0.04157922176191281
GenderEqual,business,NN,1,1,1,0.024390243902439025,1.7047480922384253,0.04157922176191281
GenderEqual,business executive,NP,2,1,1,0.024390243902439025,1.7047480922384253,0.04157922176191281
GenderEqual,certain,JJ,1,1,1,0.024390243902439025,1.7047480922384253,0.04157922176191281
GenderEqual,earn,VB,1,1,1,0.024390243902439025,1.7047480922384253,0.04157922176191281
GenderEqual,education,NN,1,1,1,0.024390243902439025,1.7047480922384253,0.04157922176191281
GenderEqual,executive,NN,1,1,1,0.024390243902439025,1.7047480922384253,0.04157922176191281
GenderEqual,girl,NN,1,1,1,0.024390243902439025,1.7047480922384253,0.04157922176191281
GenderEqual,good,JJ,1,1,1,0.024390243902439025,1.7047480922384253,0.04157922176191281
GenderEqual,husband,NN,1,1,1,0.024390243902439025,1.7047480922384253,0.04157922176191281
GenderEqual,important,JJ,1,1,1,0.024390243902439025,1.7047480922384253,0.04157922176191281
GenderEqual,leader,NN,1,1,1,0.024390243902439025,1.7047480922384253,0.04157922176191281
GenderEqual,money,NN,1,1,1,0.024390243902439025,1.7047480922384253,0.04157922176191281
GenderEqual,political,JJ,1,1,1,0.024390243902439025,1.7047480922384253,0.04157922176191281
GenderEqual,political leader,NP,2,1,1,0.024390243902439025,1.7047480922384253,0.04157922176191281
GenderEqual,problem,NN,1,1,1,0.024390243902439025,1.7047480922384253,0.04157922176191281
GenderEqual,university,NN,1,1,1,0.024390243902439025,1.7047480922384253,0.04157922176191281
GenderEqual,university education,NP,2,1,1,0.024390243902439025,1.7047480922384253,0.04157922176191281
GenderEqual,wife,NN,1,1,1,0.024390243902439025,1.7047480922384253,0.04157922176191281
GenderEqual,job,NN,1,2,4,0.04878048780487805,0.7884573603642703,0.038461334651915625
GenderEqual,cause,VB,1,1,2,0.024390243902439025,1.2992829841302609,0.03168982888122587
GenderEqual,right,JJ,1,1,2,0.024390243902439025,1.2992829841302609,0.03168982888122587
GenderEqual,say,VB,1,1,2,0.024390243902439025,1.2992829841302609,0.03168982888122587
GenderEqual,scarce,JJ,1,1,2,0.024390243902439025,1.2992829841302609,0.03168982888122587
GenderEqual,agree,VB,1,1,3,0.024390243902439025,1.0116009116784799,0.024673192967767803
GenderEqual,disagree,VB,1,1,3,0.024390243902439025,1.0116009116784799,0.024673192967767803
GenderEqual,following statement,NP,2,1,3,0.024390243902439025,1.0116009116784799,0.024673192967767803
GenderEqual,statement,NN,1,1,3,0.024390243902439025,1.0116009116784799,0.024673192967767803
GenderEqual,following,JJ,1,1,4,0.024390243902439025,0.7884573603642703,0.019230667325957813
GenderEqual,please,VB,1,1,7,0.024390243902439025,0.3184537311185346,0.007767164173622795
Marriage,behaviour,NN,1,1,1,0.07142857142857142,1.7047480922384253,0.12176772087417323
Marriage,divorce,NN,1,1,1,0.07142857142857142,1.7047480922384253,0.12176772087417323
Marriage,following behaviour,NP,2,1,1,0.07142857142857142,1.7047480922384253,0.12176772087417323
Marriage,justified,JJ,1,1,1,0.07142857142857142,1.7047480922384253,0.12176772087417323
Marriage,marriage,NN,1,1,1,0.07142857142857142,1.7047480922384253,0.12176772087417323
Marriage,sex,NN,1,1,1,0.07142857142857142,1.7047480922384253,0.12176772087417323
Marriage,something,NN,1,1,1,0.07142857142857142,1.7047480922384253,0.12176772087417323
Marriage,justify,VB,1,1,2,0.07142857142857142,1.2992829841302609,0.09280592743787577
Marriage,following,JJ,1,1,4,0.07142857142857142,0.7884573603642703,0.05631838288316216
Marriage,scale,NN,1,1,4,0.07142857142857142,0.7884573603642703,0.05631838288316216
Marriage,tell,VB,1,1,4,0.07142857142857142,0.7884573603642703,0.05631838288316216
Marriage,think,VB,1,1,4,0.07142857142857142,0.7884573603642703,0.05631838288316216
Marriage,use,VB,1,1,4,0.07142857142857142,0.7884573603642703,0.05631838288316216
Marriage,please,NN,1,1,7,0.07142857142857142,0.3184537311185346,0.022746695079895327
Childbearing,child,NN,1,1,1,0.06666666666666667,1.7047480922384253,0.11364987281589502
Childbearing,duty,NN,1,1,1,0.06666666666666667,1.7047480922384253,0.11364987281589502
Childbearing,duty towards,NP,2,1,1,0.06666666666666667,1.7047480922384253,0.11364987281589502
Childbearing,duty towards society,NP,3,1,1,0.06666666666666667,1.7047480922384253,0.11364987281589502
Childbearing,society,NN,1,1,1,0.06666666666666667,1.7047480922384253,0.11364987281589502
Childbearing,towards,NN,1,1,1,0.06666666666666667,1.7047480922384253,0.11364987281589502
Childbearing,towards society,NP,2,1,1,0.06666666666666667,1.7047480922384253,0.11364987281589502
Childbearing,say,VB,1,1,2,0.06666666666666667,1.2992829841302609,0.08661886560868406
Childbearing,agree,VB,1,1,3,0.06666666666666667,1.0116009116784799,0.06744006077856532
Childbearing,disagree,VB,1,1,3,0.06666666666666667,1.0116009116784799,0.06744006077856532
Childbearing,following statement,NP,2,1,3,0.06666666666666667,1.0116009116784799,0.06744006077856532
Childbearing,much,JJ,1,1,3,0.06666666666666667,1.0116009116784799,0.06744006077856532
Childbearing,statement,NN,1,1,3,0.06666666666666667,1.0116009116784799,0.06744006077856532
Childbearing,following,JJ,1,1,4,0.06666666666666667,0.7884573603642703,0.05256382402428469
Childbearing,please,VB,1,1,7,0.06666666666666667,0.3184537311185346,0.02123024874123564
LGBT,justifiable,JJ,1,2,1,0.14285714285714285,1.7047480922384253,0.24353544174834646
LGBT,justify,VB,1,2,2,0.14285714285714285,1.2992829841302609,0.18561185487575155
LGBT,mean,NN,1,2,2,0.14285714285714285,1.2992829841302609,0.18561185487575155
LGBT,homosexuality,NN,1,1,1,0.07142857142857142,1.7047480922384253,0.12176772087417323
LGBT,extent,NN,1,1,2,0.07142857142857142,1.2992829841302609,0.09280592743787577
LGBT,thing,NN,1,1,2,0.07142857142857142,1.2992829841302609,0.09280592743787577
LGBT,scale,NN,1,1,4,0.07142857142857142,0.7884573603642703,0.05631838288316216
LGBT,tell,VB,1,1,4,0.07142857142857142,0.7884573603642703,0.05631838288316216
LGBT,think,VB,1,1,4,0.07142857142857142,0.7884573603642703,0.05631838288316216
LGBT,use,VB,1,1,4,0.07142857142857142,0.7884573603642703,0.05631838288316216
LGBT,please,NN,1,1,7,0.07142857142857142,0.3184537311185346,0.022746695079895327
Environment,economic,JJ,1,3,1,0.07692307692307693,1.7047480922384253,0.13113446863372502
Environment,economic growth,NP,2,3,1,0.07692307692307693,1.7047480922384253,0.13113446863372502
Environment,growth,NN,1,3,1,0.07692307692307693,1.7047480922384253,0.13113446863372502
Environment,environment,NN,1,2,1,0.05128205128205128,1.7047480922384253,0.08742297908915
Environment,priority,NN,1,2,2,0.05128205128205128,1.2992829841302609,0.06662989662206466
Environment,close,JJ,1,1,1,0.02564102564102564,1.7047480922384253,0.043711489544575
Environment,come,VB,1,1,1,0.02564102564102564,1.7047480922384253,0.043711489544575
Environment,create,VB,1,1,1,0.02564102564102564,1.7047480922384253,0.043711489544575
Environment,different,JJ,1,1,1,0.02564102564102564,1.7047480922384253,0.043711489544575
Environment,different opinion,NP,2,1,1,0.02564102564102564,1.7047480922384253,0.043711489544575
Environment,discuss,VB,1,1,1,0.02564102564102564,1.7047480922384253,0.043711489544575
Environment,environment suffers,NP,2,1,1,0.02564102564102564,1.7047480922384253,0.043711489544575
Environment,environmental,JJ,1,1,1,0.02564102564102564,1.7047480922384253,0.043711489544575
Environment,environmental protection,NP,2,1,1,0.02564102564102564,1.7047480922384253,0.043711489544575
Environment,loss,NN,1,1,1,0.02564102564102564,1.7047480922384253,0.043711489544575
Environment,opinion,NN,1,1,1,0.02564102564102564,1.7047480922384253,0.043711489544575
Environment,protect,VB,1,1,1,0.02564102564102564,1.7047480922384253,0.043711489544575
Environment,protection,NN,1,1,1,0.02564102564102564,1.7047480922384253,0.043711489544575
Environment,slow,JJ,1,1,1,0.02564102564102564,1.7047480922384253,0.043711489544575
Environment,slower economic growth,NP,3,1,1,0.02564102564102564,1.7047480922384253,0.043711489544575
Environment,suffers,NN,1,1,1,0.02564102564102564,1.7047480922384253,0.043711489544575
Environment,top,JJ,1,1,1,0.02564102564102564,1.7047480922384253,0.043711489544575
Environment,top priority,NP,2,1,1,0.02564102564102564,1.7047480922384253,0.043711489544575
Environment,view,NN,1,1,1,0.02564102564102564,1.7047480922384253,0.043711489544575
Environment,job,NN,1,2,4,0.05128205128205128,0.7884573603642703,0.040433710787911296
Environment,cause,VB,1,1,2,0.02564102564102564,1.2992829841302609,0.03331494831103233
Environment,extent,NN,1,1,2,0.02564102564102564,1.2992829841302609,0.03331494831103233
Environment,follow,VB,1,1,2,0.02564102564102564,1.2992829841302609,0.03331494831103233
Environment,give,VB,1,1,3,0.02564102564102564,1.0116009116784799,0.025938484914832815
Environment,people,NN,1,1,5,0.02564102564102564,0.6061358035703155,0.01554194368129014
Econ,satisfied,JJ,1,2,1,0.14285714285714285,1.7047480922384253,0.24353544174834646
Econ,mean,VB,1,2,2,0.14285714285714285,1.2992829841302609,0.18561185487575155
Econ,consider,VB,1,1,1,0.07142857142857142,1.7047480922384253,0.12176772087417323
Econ,dissatisfy,VB,1,1,1,0.07142857142857142,1.7047480922384253,0.12176772087417323
Econ,financial,JJ,1,1,1,0.07142857142857142,1.7047480922384253,0.12176772087417323
Econ,financial situation,NP,2,1,1,0.07142857142857142,1.7047480922384253,0.12176772087417323
Econ,household,NN,1,1,1,0.07142857142857142,1.7047480922384253,0.12176772087417323
Econ,thing,NN,1,1,2,0.07142857142857142,1.2992829841302609,0.09280592743787577
Econ,situation,NN,1,1,3,0.07142857142857142,1.0116009116784799,0.07225720797703428
Econ,scale,NN,1,1,4,0.07142857142857142,0.7884573603642703,0.05631838288316216
Econ,use,VB,1,1,4,0.07142857142857142,0.7884573603642703,0.05631838288316216
Econ,please,NN,1,1,7,0.07142857142857142,0.3184537311185346,0.022746695079895327
Work,situation,NN,1,2,3,0.10526315789473684,1.0116009116784799,0.10648430649247156
Work,able,JJ,1,1,1,0.05263157894736842,1.7047480922384253,0.08972358380202237
Work,find,VB,1,1,1,0.05263157894736842,1.7047480922384253,0.08972358380202237
Work,go,VB,1,1,1,0.05263157894736842,1.7047480922384253,0.08972358380202237
Work,list,NN,1,1,1,0.05263157894736842,1.7047480922384253,0.08972358380202237
Work,lose,VB,1,1,1,0.05263157894736842,1.7047480922384253,0.08972358380202237
Work,read,VB,1,1,1,0.05263157894736842,1.7047480922384253,0.08972358380202237
Work,worried,JJ,1,1,1,0.05263157894736842,1.7047480922384253,0.08972358380202237
Work,worry,VB,1,1,1,0.05263157894736842,1.7047480922384253,0.08972358380202237
Work,job,NN,1,2,4,0.10526315789473684,0.7884573603642703,0.0829955116172916
Work,deal,NN,1,1,2,0.05263157894736842,1.2992829841302609,0.06838331495422426
Work,great,JJ,1,1,2,0.05263157894736842,1.2992829841302609,0.06838331495422426
Work,great deal,NP,2,1,2,0.05263157894736842,1.2992829841302609,0.06838331495422426
Work,much,JJ,1,1,3,0.05263157894736842,1.0116009116784799,0.05324215324623578
Work,tell,VB,1,1,4,0.05263157894736842,0.7884573603642703,0.0414977558086458
Work,people,NN,1,1,5,0.05263157894736842,0.6061358035703155,0.031901884398437656
Work,please,NN,1,1,7,0.05263157894736842,0.3184537311185346,0.01676072269044919
GovCtrl,information,NN,1,2,1,0.07692307692307693,1.7047480922384253,0.13113446863372502
GovCtrl,country,NN,1,2,3,0.07692307692307693,1.0116009116784799,0.07781545474449846
GovCtrl,anyone,NN,1,1,1,0.038461538461538464,1.7047480922384253,0.06556723431686251
GovCtrl,anyone living,NP,2,1,1,0.038461538461538464,1.7047480922384253,0.06556723431686251
GovCtrl,area,NN,1,1,1,0.038461538461538464,1.7047480922384253,0.06556723431686251
GovCtrl,collect,JJ,1,1,1,0.038461538461538464,1.7047480922384253,0.06556723431686251
GovCtrl,collect information,NP,2,1,1,0.038461538461538464,1.7047480922384253,0.06556723431686251
GovCtrl,exchange,VB,1,1,1,0.038461538461538464,1.7047480922384253,0.06556723431686251
GovCtrl,government,NN,1,1,1,0.038461538461538464,1.7047480922384253,0.06556723431686251
GovCtrl,internet,NN,1,1,1,0.038461538461538464,1.7047480922384253,0.06556723431686251
GovCtrl,keep,VB,1,1,1,0.038461538461538464,1.7047480922384253,0.06556723431686251
GovCtrl,knowledge,NN,1,1,1,0.038461538461538464,1.7047480922384253,0.06556723431686251
GovCtrl,living,NN,1,1,1,0.038461538461538464,1.7047480922384253,0.06556723431686251
GovCtrl,mail,NN,1,1,1,0.038461538461538464,1.7047480922384253,0.06556723431686251
GovCtrl,monitor,NN,1,1,1,0.038461538461538464,1.7047480922384253,0.06556723431686251
GovCtrl,public,JJ,1,1,1,0.038461538461538464,1.7047480922384253,0.06556723431686251
GovCtrl,public area,NP,2,1,1,0.038461538461538464,1.7047480922384253,0.06556723431686251
GovCtrl,surveillance,NN,1,1,1,0.038461538461538464,1.7047480922384253,0.06556723431686251
GovCtrl,video,JJ,1,1,1,0.038461538461538464,1.7047480922384253,0.06556723431686251
GovCtrl,video surveillance,NP,2,1,1,0.038461538461538464,1.7047480922384253,0.06556723431686251
GovCtrl,follow,VB,1,1,2,0.038461538461538464,1.2992829841302609,0.0499724224665485
GovCtrl,right,NN,1,1,2,0.038461538461538464,1.2992829841302609,0.0499724224665485
GovCtrl,think,VB,1,1,4,0.038461538461538464,0.7884573603642703,0.030325283090933474
GovCtrl,people,NN,1,1,5,0.038461538461538464,0.6061358035703155,0.023312915521935214
Foreign,employer,NN,1,1,1,0.0625,1.7047480922384253,0.10654675576490158
Foreign,immigrant,NN,1,1,1,0.0625,1.7047480922384253,0.10654675576490158
Foreign,priority,NN,1,1,2,0.0625,1.2992829841302609,0.0812051865081413
Foreign,scarce,JJ,1,1,2,0.0625,1.2992829841302609,0.0812051865081413
Foreign,agree,VB,1,1,3,0.0625,1.0116009116784799,0.06322505697990499
Foreign,country,NN,1,1,3,0.0625,1.0116009116784799,0.06322505697990499
Foreign,disagree,VB,1,1,3,0.0625,1.0116009116784799,0.06322505697990499
Foreign,following statement,NP,2,1,3,0.0625,1.0116009116784799,0.06322505697990499
Foreign,give,VB,1,1,3,0.0625,1.0116009116784799,0.06322505697990499
Foreign,much,JJ,1,1,3,0.0625,1.0116009116784799,0.06322505697990499
Foreign,statement,NN,1,1,3,0.0625,1.0116009116784799,0.06322505697990499
Foreign,following,JJ,1,1,4,0.0625,0.7884573603642703,0.04927858502276689
Foreign,job,NN,1,1,4,0.0625,0.7884573603642703,0.04927858502276689
Foreign,tell,VB,1,1,4,0.0625,0.7884573603642703,0.04927858502276689
Foreign,people,NN,1,1,5,0.0625,0.6061358035703155,0.03788348772314472
Foreign,please,NN,1,1,7,0.0625,0.3184537311185346,0.019903358194908412
