topic_id1,topic_id2,year,similarity
abo,sxo,2016,0.5804336979408049
abo,clc,2016,0.4967847192263032
sxo,clc,2016,0.5648899788431162
abo,sxo,2017,0.6530165776645934
abo,clc,2017,0.4667964169990673
sxo,clc,2017,0.558954921738442
abo,sxo,2018,0.6819016590161896
abo,clc,2018,0.4607489606063492
sxo,clc,2018,0.5893543133060263
abo,sxo,2019,0.7207292559286697
abo,clc,2019,0.48792717682729
sxo,clc,2019,0.5855498560379103
abo,sxo,2020,0.7102592538148719
abo,clc,2020,0.4921616443552107
sxo,clc,2020,0.5833948476159051
abo,sxo,2021,0.6534580154160743
abo,clc,2021,0.49511398105482857
abo,vac,2021,0.5030867525145173
abo,soc,2021,0.38468010789383444
abo,ubi,2021,0.6322520157629403
abo,minwage,2021,0.5459606858843038
abo,dpp,2021,0.67490075253945
abo,swe,2021,0.6131701930370473
sxo,clc,2021,0.7188883820206986
sxo,vac,2021,0.5108545770643134
sxo,soc,2021,0.5348452359737248
sxo,ubi,2021,0.7332842214145942
sxo,minwage,2021,0.6313986588427021
sxo,dpp,2021,0.6811744323066199
sxo,swe,2021,0.822557091810159
clc,vac,2021,0.43611015428074823
clc,soc,2021,0.5015599758443071
clc,ubi,2021,0.6478755147201023
clc,minwage,2021,0.5395196542861729
clc,dpp,2021,0.5554302030601056
clc,swe,2021,0.5555928718167784
vac,soc,2021,0.31486017568086305
vac,ubi,2021,0.4892714145523804
vac,minwage,2021,0.46081879404203024
vac,dpp,2021,0.4694034534738222
vac,swe,2021,0.42466601117133385
soc,ubi,2021,0.5118816349478126
soc,minwage,2021,0.49439115148193985
soc,dpp,2021,0.4239020352447368
soc,swe,2021,0.4516743660993228
ubi,minwage,2021,0.7503660362577954
ubi,dpp,2021,0.6928427440774908
ubi,swe,2021,0.7012909461606516
minwage,dpp,2021,0.6184467570314238
minwage,swe,2021,0.6695137325758544
dpp,swe,2021,0.63631403377179
abo,sxo,2022,0.6705082994355397
abo,clc,2022,0.49809399252299597
abo,vac,2022,0.5212257711196134
abo,minwage,2022,0.5240941497100566
sxo,clc,2022,0.7139602076437599
sxo,vac,2022,0.5255912505823739
sxo,minwage,2022,0.5509210912559946
clc,vac,2022,0.4715090074895588
clc,minwage,2022,0.4765962114031509
vac,minwage,2022,0.44340162386633053
abo,sxo,2023,0.6697298379375858
abo,clc,2023,0.44599507909411973
sxo,clc,2023,0.6228648817052572
abo,sxo,merged,0.6881497310430424
abo,clc,merged,0.49761979931389144
abo,vac,merged,0.49311686618740125
abo,soc,merged,0.42055318014105003
abo,ubi,merged,0.6330220250250171
abo,minwage,merged,0.5788689808482433
abo,dpp,merged,0.686262411566217
abo,swe,merged,0.6703549272029256
sxo,clc,merged,0.7021637209258429
sxo,vac,merged,0.4836172823863368
sxo,soc,merged,0.5529879523830042
sxo,ubi,merged,0.7335853937211669
sxo,minwage,merged,0.6275198023685181
sxo,dpp,merged,0.6756768058788551
sxo,swe,merged,0.8259159847650556
clc,vac,merged,0.4234351323034306
clc,soc,merged,0.5206496248467261
clc,ubi,merged,0.6493391540322127
clc,minwage,merged,0.5381818138767814
clc,dpp,merged,0.576411038191493
clc,swe,merged,0.5599117671110987
vac,soc,merged,0.30620520398096873
vac,ubi,merged,0.45339721044365
vac,minwage,merged,0.4443434161759808
vac,dpp,merged,0.46155920820080665
vac,swe,merged,0.4075756450357366
soc,ubi,merged,0.522396994991677
soc,minwage,merged,0.5066892660311576
soc,dpp,merged,0.4512813158596951
soc,swe,merged,0.47626598707509776
ubi,minwage,merged,0.7493575290725548
ubi,dpp,merged,0.7007699772462169
ubi,swe,merged,0.7066039460886689
minwage,dpp,merged,0.6361497174951612
minwage,swe,merged,0.6796614822309631
dpp,swe,merged,0.6566569119431666
