topic_id1,topic_id2,similarity,dictionary_similarity,similarity_question,similarity_curated,similarity_top5,dictionary_similarity_top5
LGBT,Abortion,0.332930041944357,0.4803820637273852,0.836523638,0.332930041944357,0.332930041944357,0.48038206372738523
LGBT,DeathPenalty,0.2606891732255782,0.203560502609355,0.779681149,0.2500271406813408,0.2227880024634722,0.20356050260935502
LGBT,Egalitarian,0.2816874903621291,0.0828480830479134,0.442514993,0.3132682708085497,0.1412246354427322,0.07993218611282986
LGBT,Environment,0.2136169985244448,0.120079181320573,0.296409812,0.2250290877107824,0.1850540745907019,0.09676386446196111
LGBT,SocialMedia,0.2729778110938875,0.2110116838180537,0.377567806,0.1810878520835214,0.2373934461425796,0.21101168381805377
LGBT,Prostitution,0.4089913679809702,0.4099752348777141,0.834886589,0.4089913679809702,0.4089913679809702,0.4099752348777141
LGBT,HealthCare,0.2867364460331634,0.0731886390368374,0.353866845,0.2900892043806455,0.2441243247442832,0.10435976372540691
LGBT,UnemplyAid,0.250532386090027,0.0799736886152775,0.255545338,0.3241678630605836,0.1929304326634192,0.08146004017918895
Abortion,LGBT,0.332930041944357,0.4803820637273852,0.836523638,0.332930041944357,0.332930041944357,0.48038206372738523
Abortion,DeathPenalty,0.4828393820307447,0.3051043731449352,0.871273764,0.4530277157492521,0.4291720954923519,0.3051043731449352
Abortion,Egalitarian,0.300457027853113,0.1588854144226589,0.457178342,0.3060997399284254,0.1884929154684791,0.22706057590467058
Abortion,Environment,0.3148279853135358,0.1801276587466135,0.310270773,0.3104105532278054,0.2945007868888443,0.18636160395623258
Abortion,SocialMedia,0.1900313733497055,0.1887514765085767,0.366194623,0.1699299369599209,0.1488347041653981,0.18875147650857677
Abortion,Prostitution,0.4837781964120321,0.3543255786124204,0.860908383,0.4837781964120321,0.4837781964120321,0.3543255786124204
Abortion,HealthCare,0.3243323279414214,0.3407239271189204,0.412687337,0.3053052743645331,0.2665890534712077,0.3938711153796339
Abortion,UnemplyAid,0.4451073457614622,0.1728524817823582,0.277934117,0.5092678669165688,0.3438868922842627,0.15486390483401036
DeathPenalty,LGBT,0.2606891732255782,0.203560502609355,0.779681149,0.2500271406813408,0.2227880024634722,0.20356050260935502
DeathPenalty,Abortion,0.4828393820307447,0.3051043731449352,0.871273764,0.4530277157492521,0.4291720954923519,0.3051043731449352
DeathPenalty,Egalitarian,0.4761864868048916,0.1394371668252229,0.442113093,0.4493629968145998,0.2133550457009889,0.1917313205362762
DeathPenalty,Environment,0.4076494485948407,0.1351864723772596,0.309535852,0.4360385520871305,0.2540134306661912,0.12971264535147362
DeathPenalty,SocialMedia,0.2505495841800925,0.06775824435255,0.363620412,0.2709626543802725,0.087488029719878,0.06775824435255
DeathPenalty,Prostitution,0.3566110652411449,0.1776303685080744,0.791085195,0.3589477095870083,0.2769663210108525,0.17763036850807443
DeathPenalty,HealthCare,0.3740595465932189,0.1378230648319018,0.389514057,0.4519844922775861,0.2062153599766887,0.12239511839504313
DeathPenalty,UnemplyAid,0.3976409172687599,0.1675119788963068,0.274684076,0.537065009290777,0.2012917628185571,0.15901298935036964
Egalitarian,LGBT,0.2816874903621291,0.0828480830479134,0.442514993,0.3132682708085497,0.1412246354427322,0.07993218611282986
Egalitarian,Abortion,0.300457027853113,0.1588854144226589,0.457178342,0.3060997399284254,0.1884929154684791,0.22706057590467058
Egalitarian,DeathPenalty,0.4761864868048916,0.1394371668252229,0.442113093,0.4493629968145998,0.2133550457009889,0.1917313205362762
Egalitarian,Environment,0.4632864888316967,0.3086552633856974,0.442416437,0.4222127938967918,0.2981867066116119,0.3321978221440197
Egalitarian,SocialMedia,0.4243998534545442,0.2991917752843197,0.432818481,0.3258797966272581,0.2400441102334882,0.37147610419485555
Egalitarian,Prostitution,0.2853058036347061,0.0798938566767306,0.445241941,0.2922930567403959,0.2094420068816623,0.25340025279614453
Egalitarian,HealthCare,0.4764230551878815,0.3868666423631112,0.503454729,0.4926358412949616,0.415216891106528,0.47099861487520556
Egalitarian,UnemplyAid,0.3912378120536172,0.1684499622562393,0.334870842,0.4994814419780135,0.3896414689734074,0.42068551692512746
Environment,LGBT,0.2136169985244448,0.120079181320573,0.296409812,0.2250290877107824,0.1850540745907019,0.09676386446196111
Environment,Abortion,0.3148279853135358,0.1801276587466135,0.310270773,0.3104105532278054,0.2945007868888443,0.18636160395623258
Environment,DeathPenalty,0.4076494485948407,0.1351864723772596,0.309535852,0.4360385520871305,0.2540134306661912,0.12971264535147362
Environment,Egalitarian,0.4632864888316967,0.3086552633856974,0.442416437,0.4222127938967918,0.2981867066116119,0.3321978221440197
Environment,SocialMedia,0.4305519757432476,0.2349827580580251,0.37952391,0.3798370663534788,0.2791067331632074,0.2516361756883465
Environment,Prostitution,0.2713432521893613,0.149396848687135,0.291080427,0.2897956646454043,0.2357263868427681,0.13099313069705748
Environment,HealthCare,0.4749773738281909,0.3294374664486472,0.358007474,0.513497101832889,0.3142735834652744,0.3225896016461027
Environment,UnemplyAid,0.3288271461916565,0.114042047757017,0.360371111,0.4221169904658907,0.2289998025375657,0.09135506161395188
SocialMedia,LGBT,0.2729778110938875,0.2110116838180537,0.377567806,0.1810878520835214,0.2373934461425796,0.21101168381805377
SocialMedia,Abortion,0.1900313733497055,0.1887514765085767,0.366194623,0.1699299369599209,0.1488347041653981,0.18875147650857677
SocialMedia,DeathPenalty,0.2505495841800925,0.06775824435255,0.363620412,0.2709626543802725,0.087488029719878,0.06775824435255
SocialMedia,Egalitarian,0.4243998534545442,0.2991917752843197,0.432818481,0.3258797966272581,0.2400441102334882,0.37147610419485555
SocialMedia,Environment,0.4305519757432476,0.2349827580580251,0.37952391,0.3798370663534788,0.2791067331632074,0.2516361756883465
SocialMedia,Prostitution,0.2258449366085504,0.2371117323069658,0.394173993,0.1676325134521036,0.1864384965965478,0.23711173230696583
SocialMedia,HealthCare,0.4491543547017904,0.2794865057804732,0.82267826,0.3949785821363793,0.2976769366233878,0.27581816152034794
SocialMedia,UnemplyAid,0.2987116570746295,0.1857529681393948,0.274437581,0.3000551881678327,0.2241861489768682,0.1738616662356529
Prostitution,LGBT,0.4089913679809702,0.4099752348777141,0.834886589,0.4089913679809702,0.4089913679809702,0.4099752348777141
Prostitution,Abortion,0.4837781964120321,0.3543255786124204,0.860908383,0.4837781964120321,0.4837781964120321,0.3543255786124204
Prostitution,DeathPenalty,0.3566110652411449,0.1776303685080744,0.791085195,0.3589477095870083,0.2769663210108525,0.17763036850807443
Prostitution,Egalitarian,0.2853058036347061,0.0798938566767306,0.445241941,0.2922930567403959,0.2094420068816623,0.25340025279614453
Prostitution,Environment,0.2713432521893613,0.149396848687135,0.291080427,0.2897956646454043,0.2357263868427681,0.13099313069705748
Prostitution,SocialMedia,0.2258449366085504,0.2371117323069658,0.394173993,0.1676325134521036,0.1864384965965478,0.23711173230696583
Prostitution,HealthCare,0.2946504850049414,0.1199475309619872,0.395320292,0.2884100018045696,0.2319431513467059,0.12513940661636064
Prostitution,UnemplyAid,0.3494238148933291,0.2333988509238659,0.270826886,0.3862658075269032,0.2913352487538931,0.24171505676835064
HealthCare,LGBT,0.2867364460331634,0.0731886390368374,0.353866845,0.2900892043806455,0.2441243247442832,0.10435976372540691
HealthCare,Abortion,0.3243323279414214,0.3407239271189204,0.412687337,0.3053052743645331,0.2665890534712077,0.3938711153796339
HealthCare,DeathPenalty,0.3740595465932189,0.1378230648319018,0.389514057,0.4519844922775861,0.2062153599766887,0.12239511839504313
HealthCare,Egalitarian,0.4764230551878815,0.3868666423631112,0.503454729,0.4926358412949616,0.415216891106528,0.47099861487520556
HealthCare,Environment,0.4749773738281909,0.3294374664486472,0.358007474,0.513497101832889,0.3142735834652744,0.3225896016461027
HealthCare,SocialMedia,0.4491543547017904,0.2794865057804732,0.82267826,0.3949785821363793,0.2976769366233878,0.27581816152034794
HealthCare,Prostitution,0.2946504850049414,0.1199475309619872,0.395320292,0.2884100018045696,0.2319431513467059,0.12513940661636064
HealthCare,UnemplyAid,0.394768973474203,0.3123058940143782,0.300099483,0.4901672480611104,0.2358534561679188,0.31301405071797295
UnemplyAid,LGBT,0.250532386090027,0.0799736886152775,0.255545338,0.3241678630605836,0.1929304326634192,0.08146004017918895
UnemplyAid,Abortion,0.4451073457614622,0.1728524817823582,0.277934117,0.5092678669165688,0.3438868922842627,0.15486390483401036
UnemplyAid,DeathPenalty,0.3976409172687599,0.1675119788963068,0.274684076,0.537065009290777,0.2012917628185571,0.15901298935036964
UnemplyAid,Egalitarian,0.3912378120536172,0.1684499622562393,0.334870842,0.4994814419780135,0.3896414689734074,0.42068551692512746
UnemplyAid,Environment,0.3288271461916565,0.114042047757017,0.360371111,0.4221169904658907,0.2289998025375657,0.09135506161395188
UnemplyAid,SocialMedia,0.2987116570746295,0.1857529681393948,0.274437581,0.3000551881678327,0.2241861489768682,0.1738616662356529
UnemplyAid,Prostitution,0.3494238148933291,0.2333988509238659,0.270826886,0.3862658075269032,0.2913352487538931,0.24171505676835064
UnemplyAid,HealthCare,0.394768973474203,0.3123058940143782,0.300099483,0.4901672480611104,0.2358534561679188,0.31301405071797295
