,topic,description,mode,opinion -2,opinion -1,opinion 0,opinion 1,opinion 2,99,Note,keyword,,,,,,,,,,,
abo,abo,abortion rights,abbr,strongly believe abortion should be illegal,slightly believe abortion should be illegal,neutral to abortion rights/restrictions,slightly believe abortion should be legal,strongly believe abortion should be legal,irrelevant or no opinion on abortion,,abortion;abortion rights;birth control;terminate pregnancy;contraceptive;pro-life;pro-choice;abortion immoral;unborn baby;abortion defy god;illegal abortion;roe v wade;genetic selective abortion;abortion access;abortion ban;abortion essential;abortion healthcare;abortion pill safe;abortion review;act for abortion access;anti-abortion;anti-choice;baby killers;legal abortion;pro-abortion;reproductive rights;roe v wade;safe abortion;shout your abortion;shoutyourabortion,,,,,,,,,,,
abo,abo,abortion rights,detail,"Abortion is murder because fetuses with fingers and limbs are actually babies: Society should not be okay with getting rid of fetuses with fingers and limbs; fetuses that look like babies and can actually be deemed terms such as “baby” or “unborn child” rather than fetus. “The fetus is imputed with self-identity, a voice, and consciousness in order to show that the ‘fetus is a contingent being, dependent on the capacity of Americans to hear as citizens its cries as a citizen for dignity of the body, its complaints at national injustice.’”","Abortion should be allowed only within a shortened period, after which it is illegal: evidence showing fetuses are conscious within the womb; fetuses are capable of feeling pain from as early as 18 weeks to 26 weeks; abortion does not have to be totally illegal but the gestational time limit (a specific age the fetus must not pass. Once that age is passed abortion will no longer be permitted. This varies based on states) should be shortened; anything later should not be permitted because it would be considered a termination of a fully formed baby.",News. Unsure as to where to stand with abortion. Neither pro-life nor pro-choice. ,"abortion is a ""harmless"" ""can-have"" right for a reason: the fetus is incapable of feeling emotion and any evidence saying otherwise are just reflexes. Abortion does not harm the fetus, so it is reasonable for the mother to make the choice no matter what it be.","abortion is a ""must-have"" right under any condition: It is the women’s right to decide whether they want to keep their child or get an abortion; my body my choice; abortion right is a reproductive justice, linked to other social justice issues such as economic injustice, welfare reform, housing, drug policies, and violence; women must be able to freely exercisethe right to have an abortion without coercion.",irrelevant or no opinion on abortion,,,,,,,,,,,,,
gun,gun,"What opinion does this Twitter user express on gun rights/control of ordinary American people (not police and army)?
 Tweets about army and police should be labeled ""irrelevant"", unless mentioning ordinary people carrying guns. Tweets mentioning other countries should be labeled ""irrelevant"".",abbr,strongly support gun rights,slightly support gun rights,neutral to gun rights/control,slightly support strict gun control,strongly support strict gun control,irrelevant or no opinion on gun rights/control,,gun;gun debate;gun rights;gun violence;2nd amendment;gun control;ak47;armed;second amendment;carry firearm;keep arm;bear arm;gun ownership;gun restriction;gun self defense;deter crime;assault weapon;gun homicide;gun suiside;gun onwer;ar-15;kyle rittenhouse;kenosha;assault rifle;bear arms;disarm the public;gun accident;gun confiscation;gun control advocate;gun law;gun reform;gun regulation;high capacity magazine;mass shooting;military grade firearms;national rifle association;NRA;shootings,,,,,,,,,,,
gun,gun,"What opinion does this Twitter user express on gun rights/control of ordinary American people (not police and army)?
 Tweets about army and police should be labeled ""irrelevant"", unless mentioning ordinary people carrying guns. Tweets mentioning other countries should be labeled ""irrelevant"".",detail,"believe gun rights are essential and need to be defended urgently. emphasize Second Amendment (or ""2a"" for short); support Kyle Rittenhouse; disagree with Australia; sell/purchase guns; attend gun show; say gun law is ""extreme""; good guy should have guns because bad guy always get guns despite of laws",support gun rights without an explicit expression that gun rights are essential and need to be defended urgently,news report without explicit personal statement; equally mention both gun rights and gun control,support gun control without an explicit expression that gun control is important and urgent,"believe gun control is important and urgent. emphasize mass shooting especially in schools; call for gun law / sense / regulation; relate gun and violence crime; name the opposite side ""gun nuts""",police and army; game; movie (like Top Gun); foreign countries; Alex Baldwin accident,,gun;gun debate;gun rights;gun violence;2nd amendment;gun control;ak47;armed;second amendment;carry firearm;keep arm;bear arm;gun ownership;gun restriction;gun self defense;deter crime;assault weapon;gun homicide;gun suiside;gun onwer;ar-15;kyle rittenhouse;kenosha;assault rifle;bear arms;disarm the public;gun accident;gun confiscation;gun control advocate;gun law;gun reform;gun regulation;high capacity magazine;mass shooting;military grade firearms;national rifle association;NRA;shootings,,,,,,,,,,,
clc,clc,climate change,abbr,Strongly disagree with climate change,Slightly disagree with climate change,Neutral to climate change,Slightly agree with climate change,Strongly agree with climate change,irrelevant or no opinion on climate change,,climate change;global warming;extreme temperature;extinction;forest fires;extreme weather;abnormal climate;abnormal weather;greenhouse effect;global temperature;natural cycle;climate conspiracy;agw;anthropogenic global warming;climate action;climate crisis;climate denier;climate emergency;climate policy;environmentalist conspiracy;fossil fuels;global heating;greenhouse gas;natural climate variability;sea acidity;ocean acidity,,,,,,,,,,,
clc,clc,climate change,detail,Climate change is a made-up lie. The people behind the climate change story are evil politicians who fool us on purpose for their own interests.,"Climate change is a scientific mistake produced by flawed models. Scientists misinterpret a normal fluctuation as a long-term trend. People didn't make up this story on purpose, but we don't need to worry about it.",Mention climate change but no opinion. Not yet convinced by either side.,Climate change is a scientific fact that is actually happening. But we don't need to take urgent action.,Climate change is a real and severe scientific fact that needs urgent action.,Not related to the current climate change.,,,,,,,,,,,,,
sxo,sxo,lgbt+ issues,abbr,Strongly conservative on LGBT+ issues,Slightly conservative on LGBT+ issues,Neutral to LGBT+ rights/restrictions,Slightly support LGBT+ rights,Strongly support LGBT+ rights,irrelevant or no opinion on LGBT+ rights,,biological sex;birth gender;birth sex;conversion therapy;gay gene;gender fluid;homophobic;homosexual children;homosexual gene;lgbt;lgbtq;reparative therapy;sex genetic;sexual orientation,,,,,,,,,,,
sxo,sxo,lgbt+ issues,detail,"Explicitly opposes decriminalization or legalisation of gay marriage, acceptance of the LGBT+ community in society, legal protections for the LGBT+ community; believes strongly in gender binary and marriage being between a man and a woman; Believes that being gay/lesbian is morally wrong or a choice; opposes trans people using their gender identifying bathrooms or gender neutral bathrooms; cites religious beliefs as basis for opposing LGBT+ rights; may mention being anti-feminist; against participation of gay or trans people in sports/ military/schools/celebrities/public positions; may use degrading language about LGBT+ people referring to being homosexual as a “sin”","Does not fully support decriminalization or legalisation of gay marriage, acceptance of the LGBT+ community in society, legal protections for the LGBT+ community; Believes there are some moral issues with being gay/lesbian; strongly believes that marriage is between a man and a woman; believes that gender or sexuality is a choice rather than an identity on a spectrum; opposes trans people using their gender identifying bathrooms; expresses stigma around LGBT+ identities; may be against participation of trans people in sports/military; talk about opinions that differ between gay marriage and trans rights, because many people may accept homosexuality but not trans gender ",Mention LGBT+ rights/restrictions without an explicit moral or legal judgement,"Somewhat supports decriminalization or legalisation of gay marriage, acceptance of the LGBT+ community in society, legal protections for the LGBT+ community; expresses some support for gay or trans people in sports/military/public positions/celebrities/schools; may state that gender and sexuality lie on a spectrum; may state that gender and sexuality are not a choice; opposes hate speech or violent actions towards LGBT+ people; may support using preferred pronouns","Explicitly supports decriminalization or legalisation of gay marriage, acceptance of the LGBT+ community in society, legal protections for the LGBT+ community; believes that gender and sexuality are on spectrums; mentions intersectionality when talking about gender and sexuality; may mention feminism, violence against women, women’s rights; may mention or gay trans activists; shares resources or education about LGBT+ issues; strongly supports using preferred pronouns","Not mention any opinion on LGBT; mention LGBT without expressing an opinion on this topic (e.g., porn)",,,,,,,,,,,,,
dru,dru,drug legalization,abbr,strongly support prohibition,slightly support prohibition,neutral to drug legalization (decriminalized but not encouraged),slightly support legalization,strongly support legalization,Irrelevant or no opinion on drug legalization,,,,,,,,,,,,,
dru,dru,drug legalization,detail,"Drugs are dangerous, addictive, and damaging to individuals and society. Legalization sends the wrong message, increases use, and endangers public health and safety. Strict prohibition and law enforcement are necessary to protect society.","While some argue for legalization, keeping drugs illegal helps deter casual use and prevents normalization. Focus should remain on discouraging drug use, while expanding access to treatment for those struggling with addiction.","Drugs should be decriminalized to reduce incarceration and stigma, but not fully legalized or promoted. Emphasis should be on treatment, prevention, and harm reduction without making drugs more accessible or normalized.","While drug legalization has risks, especially regarding public health and youth access, its benefits such as crime reduction and regulation outweigh the harms. Legalization should proceed cautiously with strict oversight and education.","Legalizing drugs is essential for economic growth, public safety, and individual freedom. It reduces crime, dismantles the black market, creates jobs, generates tax revenue, and ensures safer drug use through regulation and quality control. Society must move toward harm-reduction models like those in parts of Europe.",Irrelevant or no opinion on drug legalization,https://www.lotusbh.org/post/should-drugs-be-legalized,,,,,,,,,,,,
vac,vac,vaccine mandate,abbr,strongly support vaccine mandate,slightly support vaccine mandate,neutral to vaccine mandate/choice,slightly support vaccine choice,strongly support vaccine choice,Irrelevant or no opinion on vaccine mandate,,covid19;vaccine;pfizer;antivaxxer;pandemic;proof of vaccination,,,,,,,,,,,
vac,vac,vaccine mandate,detail,"Believe that vaccine mandates are essential to public health. Support government-imposed requirements for school entry, employment, and healthcare. View mandates as necessary to prevent disease resurgence and protect herd immunity.",Generally favor mandates for public safety but recognize concerns about personal or religious objections. Prefer mandates with exemptions or educational campaigns rather than strict enforcement.,"Hold no strong opinion or are undecided. May believe both public health and personal freedom are important, or feel they lack enough information to take a side.","Favor personal or parental choice in vaccination, especially for non-life-threatening diseases. Oppose government mandates in most cases but may support public health guidance and voluntary campaigns.","Firmly oppose government-imposed vaccine mandates. Emphasize bodily autonomy, religious freedom, and individual rights. Believe medical choices should remain entirely personal and free from state interference.",Irrelevant or no opinion on vaccine mandate,,,,,,,,,,,,,
obe,obe,obesity,abbr,strongly believe obesity is not serious enough to be a disease,slightly believe obesity is not serious enough to be a disease,neutral on whether obesity should be considered a disease,slightly believe obesity should be considered a disease,strongly believe obesity should be considered a disease,Irrelevant or no opinion on obesity,,obesity;america obesity;obesity disease;obesity epidemic;eat too much;sedentary lifestyle,,,,,,,,,,,
obe,obe,obesity,detail,"Firmly oppose classifying obesity as a disease. Believe it encourages irresponsibility, glorifies unhealthy lifestyles, and leads to social denial of serious health risks.","Believe obesity is primarily a result of lifestyle or behavioral choices, and medicalizing it may undermine personal responsibility or lead to overtreatment.",Hold no strong view or remain undecided. May recognize both medical and behavioral dimensions of obesity and believe more research or discussion is needed.,"Acknowledge that obesity can lead to other serious health conditions and may benefit from medical treatment, though lifestyle changes are still emphasized.","View obesity as a chronic, medical disease with biological and metabolic causes. Believe it requires clinical diagnosis, treatment, and public health intervention, just like diabetes or cancer.",Irrelevant or no opinion on obesity,,,,,,,,,,,,,
smok,smok,public smoking,abbr,strongly support public smoking,slightly support public smoking,neutral to public smoking,slightly support smoking ban in public places,strongly support a complete smoking ban in all public places,Irrelevant or no opinion on public smoking,https://theweek.com/news/science-health/957026/the-pros-and-cons-of-a-total-smoking-ban,smoking;lung cancer;public smoking;secondhand smoke;cigarettes,,,,,,,,,,,
smok,smok,public smoking,detail,"Strongly oppose smoking bans in any public space. Believe smoking is a personal right and that bans infringe upon civil liberties, overstep government authority, and harm personal autonomy.","Prefer that individuals retain the choice to smoke in some public areas. Oppose strict bans and support personal autonomy, but acknowledge potential need for limited regulation.",Hold no strong opinion; acknowledge both health/environmental concerns and personal freedom. Open to regulation but not strongly committed to either side.,"Generally support smoking restrictions in key public areas (e.g., schools, hospitals, transport), but may support designated outdoor smoking zones or phased approaches.","Firmly believe smoking should be banned in all indoor and outdoor public places to protect health, reduce environmental damage, support vulnerable populations, and lower healthcare costs.",Irrelevant or no opinion on public smoking,,,,,,,,,,,,,
hsch,hsch,homeschooling,abbr,strongly support homeschooling as better than traditional schooling,somewhat support homeschooling as better than traditional schooling,neutral between homeschooling and traditional schooling,somewhat support traditional schooling as better than homeschooling,strongly support traditional schooling as better than homeschooling,Irrelevant or no opinion on homeschooling,https://myhomeschool.com/homeschooling/resources/pros-and-cons-of-homeschooling/,home school;alternative education;education system;academics;education;online learning,,,,,,,,,,,
hsch,hsch,homeschooling,detail,"Firmly believe homeschooling allows for deeper family bonds, individualized learning, and co-learning opportunities that outweigh the benefits of institutional schooling.","Generally believe homeschooling offers more personalized, flexible, and values-driven learning, though may recognize some limitations like reduced peer interaction or specialized instruction.","Hold no strong preference; believe both systems have unique strengths and weaknesses depending on family context, child’s personality, and educational goals.","Generally favor traditional schools for their curriculum, discipline, and social environment, though may acknowledge that homeschooling suits certain families.","Firmly believe that formal school education provides better academic structure, social development, professional teaching, and resources that homeschooling cannot match.",Irrelevant or no opinion on homeschooling,,,,,,,,,,,,,
soc,soc,social media,abbr,strongly believe social media has harmed human communication,somewhat believe social media has harmed human communication,neutral about social media’s impact on human communication,somewhat believe social media has improved human communication,strongly believe social media has improved human communication,Irrelevant or no opinion on social media,,social media;social network;virtual community;cyberspace;microblogging,,,,,,,,,,,
soc,soc,social media,detail,"Social media severely undermines genuine human communication by substantially increasing digital addiction, mental health issues, cyberbullying, misinformation, dangerous fads, and privacy violations.","Social media often damages human communication, as digital addiction, cyberbullying, misinformation, and privacy issues somewhat outweigh its benefits in connectivity and civic engagement.",Mention social media without an explicit moral or legal judgement,"Social media generally improves communication, helping people connect more easily and become more engaged civically, despite occasional negative effects like misinformation or privacy concerns.","Social media significantly enhances human interaction by fostering stronger communities, increasing civic participation, and promoting inclusivity and diversity.",Irrelevant or no opinion on social media,,,,,,,,,,,,,
juv,juv,juvenile trial,abbr,strongly support minors being tried as adults,somewhat support minors being tried as adults,neutral between adult and juvenile court for minors,somewhat support minors continuing to be tried in juvenile court,strongly support minors continuing to be tried in juvenile court,Irrelevant or no opinion on juvenile trial,,youth;juvenile accountability;juvenile court;juvenile detention center;juvenile jail;juvenile justice;juvenile legal system;juvenile offender;juvenile prison;restorative justice;tried as adult;trial as adult;youth incarceration;youth justice;youth prison,,,,,,,,,,,
juv,juv,juvenile trial,detail,"Minors who commit serious crimes should be held fully accountable in adult court.
 Trying them as adults ensures justice for victims, reinforces public safety, and deters others from violent or repeated offenses.
 Age should not excuse extreme criminal behavior that shows intent and harm.","n certain severe or repeated cases, it is reasonable to transfer minors to adult court after thorough evaluation.
 While minors are generally more reformable, some offenses surpass what the juvenile system can effectively address.
 Adult court can serve as a necessary option when rehabilitation seems unlikely.","The decision should depend on specific case factors, such as the offender's age, mental state, and severity of the crime.
 Both adult and juvenile systems have pros and cons, and a flexible, case-by-case approach is most appropriate.
 There is no one-size-fits-all answer for how minors should be tried.","Minors should generally be tried in juvenile court, as they are more likely to benefit from rehabilitation. However, if a teenager commits a particularly violent or repeated crime, it may be reasonable to transfer them to adult court for the safety of the community.","Children, no matter what they’ve done, should never be tried as adults. The juvenile system exists to guide, not punish. Sending a minor to adult court ignores science, denies rehabilitation, and ruins lives.",Irrelevant or no opinion on juvenile trial,https://www.tampa-criminal-attorney.com/juvenile-sentencing-pros-and-cons/,,,,,,,,,,,,
iso,iso,country isolationist,abbr,strongly support countries being isolationist,somewhat support countries being isolationist,neutral on whether countries should be isolationist,somewhat oppose countries being isolationist,strongly oppose countries being isolationist,Irrelevant or no opinion on country isolationist,,isolationism;unilateralism;economic independence;right wing;america first;isolationist;isolationist idiots;isolationist countries;isolationist country;isolationist economy;isolationist immigration;isolationist policies;isolationist policy;isolationist politics;isolationist response;non-isolationist;protectionism,,,,,,,,,,,
iso,iso,country isolationist,detail,"Firmly believe countries should focus solely on domestic affairs, avoid foreign alliances, and prioritize sovereignty and self-reliance.",Support a restrained foreign policy that limits international entanglements while maintaining some cooperation on major issues.,"Hold no strong opinion; believe the choice depends on context such as national priorities, history, and security concerns.",Generally favor international engagement but recognize that some limits on foreign involvement may be necessary for national interest.,"Firmly believe countries should actively engage in global affairs. Isolationism is seen as harmful to economic growth, global cooperation, and security.",Irrelevant or no opinion on country isolationist,https://www.poormac.com/articles/isolationism-vs-internationalism-weighing-the-pros-and-cons,,,,,,,,,,,,
dpp,dpp,death-penalty,abbr,Strongly support keeping the death penalty,Somewhat support keeping the death penalty,Neutral on the use of the death penalty,Somewhat support abolishing the death penalty,Strongly support abolishing the death penalty,irrelevant or no opinion on death penalty,,death penalty;cruel and unusual punishment;execution;capital punishment;death row;criminal justice;death row inmate;execution chamber;killing of innocent;lethal injection;life sentence;LWOP;life without parole;state execution,,,,,,,,,,,
dpp,dpp,death-penalty,detail,Argue that the death penalty is a necessary and just punishment for the most heinous crimes. Emphasize deterrence: claim that capital punishment prevents future crimes and protects society. Assert that some crimes are so severe that only the death penalty is appropriate. Reference “an eye for an eye” or retributive justice. Dismiss wrongful conviction concerns as rare or overblown.  May call for expanding the death penalty to more crimes or using more methods. View abolitionists as “soft on crime” or endangering public safety.,"Support the death penalty for the “worst of the worst” but may express concerns about its implementation. Agree that the death penalty can deter crime, but not as strongly or urgently. Open to reforms to reduce wrongful convictions or ensure fair trials. May support limiting the death penalty to certain crimes. Might express discomfort with certain methods but still favor capital punishment in principle.","Present facts or news about the death penalty without taking a clear stance. Discuss both pros and cons equally, or report legislative changes, court cases, or statistics without showing support or opposition. Acknowledge the existence of both supporters and opponents.","Express concerns about wrongful convictions, racial bias, or the high costs of capital punishment.  Suggest that life imprisonment without parole is a better or safer alternative. May argue that the death penalty is not proven to deter crime more than other punishments. May mention international trends toward abolition or reference countries/states that have banned it. Support moratoriums, reforms, or restricting the death penalty to fewer cases.","Argue that the death penalty is inherently immoral, cruel, or a violation of human rights. Emphasize the risk of executing innocent people as unacceptable. Call for immediate abolition and celebrate countries or states that have ended capital punishment. Criticize all forms and methods of execution as inhumane. May use strong language: “barbaric,” “outdated,” “state-sanctioned murder,” etc.","Content not related to the death penalty or capital punishment (e.g., unrelated legal issues, other types of sentencing, general prison news, executions in non-human contexts, metaphorical uses).",https://www.britannica.com/procon/death-penalty-debate,,,,,,,,,,,,
drkage,drkage,drinking-age in the US,abbr,strongly support keeping drinking age at 21,slightly support keeping drinking age at 21,neutral to drinking age,slightly support lowering drinking age to 18,strongly support lowering drinking age to 18,irrelevant or no opinion on drinking age,,,,,,,,,,,,,
drkage,drkage,drinking-age in the US,detail,"Firmly believes that keeping the MLDA at 21 is essential for public health and safety. Argues that alcohol consumption before 21 is irresponsible and dangerous, citing scientific evidence of brain development risks, increased traffic accidents, and higher rates of addiction, violence, and suicide among youth. Emphasizes that MLDA 21 has saved thousands of lives, reduced alcohol-related fatalities, and decreased underage drinking and drug use. Supports the view that age restrictions are necessary, just as they are for tobacco, gambling, and other adult rights.","Generally agrees with keeping the MLDA at 21, but with less intensity or more openness to exceptions. May acknowledge some problems with enforcement and noncompliance, but believes the benefits (such as reduced drinking and drug use among youth) outweigh the drawbacks. May support the idea of exceptions for religious, medical, or educational purposes, or limited parental supervision, but is hesitant about lowering the age overall.","Does not hold a strong opinion either way. Recognizes arguments and evidence on both sides of the debate, including the effectiveness of MLDA 21 in reducing harm, but also the issues of noncompliance, fake IDs, and the inconsistency with other adult rights at 18. May suggest more research or a compromise, such as a graduated licensing system or increased alcohol education, rather than a strict change or retention of the law.","Leans toward lowering the MLDA, often on grounds of personal freedom, fairness, and practicality. Points out that 18-year-olds are considered adults for voting, military service, and contracts, so they should be able to legally drink. Argues that the current law leads to unsafe, unsupervised drinking and widespread noncompliance. May propose lowering the age with regulatory oversight or graduated privileges.","Advocates passionately for lowering the MLDA, viewing the current law as ineffective, unfair, and even counterproductive. Argues that prohibition at 21 fosters a culture of secrecy, binge drinking, and disrespect for the law. Suggests that treating young adults as responsible individuals, as in many European countries, would promote moderation and safety. May also highlight economic, cultural, and personal liberty arguments, calling for a shift away from punitive approaches.",Discussions or content not related to the minimum legal drinking age in the US.,https://www.britannica.com/procon/drinking-age-debate,,,,,,,,,,,,
hwm,hwm,homework,abbr,strongly believe homework is beneficial,slightly believe homework is beneficial,neutral to homework,slightly believe homework is harmful,strongly believe homework is harmful,irrelevant or no opinion on homework,,,,,,,,,,,,,
hwm,hwm,homework,detail,"Argue that homework directly improves grades, test scores, and college attendance. Believe more homework is better; support increasing homework loads and stricter accountability. View homework as necessary preparation for higher education and future careers.  Dismiss concerns about stress or inequality as exaggerated or solvable with better policies. May criticize anti-homework movements as undermining standards or discipline.","Support homework as a useful educational tool, especially when well-designed and moderate in amount. Believe homework reinforces classroom learning and helps develop good study habits. Support guidelines like the “10-minute rule” to prevent overload.
Acknowledge some drawbacks (e.g., stress, inequality), but think benefits outweigh harms if homework is purposeful and balanced. May think homework is more beneficial for older students than for younger children.",Mention homework as a fact of school life without expressing clear support or opposition. May express uncertainty or seek more evidence before forming an opinion.,"Believe that homework has notable drawbacks, such as causing stress, sleep deprivation, or family conflict. Think homework can be inequitable, especially for students lacking resources or supportive home environments. Support limiting homework, especially for younger students, or making it optional. Prefer alternative approaches to learning (e.g., more in-class practice, project-based learning).
","Argue that homework is fundamentally damaging to student well-being, mental health, and family life. Believe homework has little or no effect on academic achievement, especially for elementary and even high school students.  Support abolishing homework entirely, viewing it as outdated “busywork” or even a form of child labor. May use strong language: “pointless,” “harmful,” “unnecessary stress,” “exacerbates privilege.”","Content not related to homework, school assignments, or educational practices (e.g., office work, chores at home, unrelated school policies, “homework” as a metaphor).",https://www.britannica.com/procon/homework-debate,,,,,,,,,,,,
minwage,minwage,minimum-wage in the US,abbr,strongly support keeping minimum wage at $15 per hour,slightly support keeping minimum wage at $15 per hour,neutral to minimum wage,slightly support raising minimum wage above $15 per hour,strongly support raising minimum wage above $15 per hour,irrelevant or no opinoin on minimum wage,,minimum wage;economic inequality;blue collar;employment rates;living wage;federal minimum wage;fightfor15;min wage;minimum wage job;minimum wage law;raise minimum wage,,,,,,,,,,,
minwage,minwage,minimum-wage in the US,detail,"Argue that the current minimum wage is appropriate or already too high. Claim that raising the minimum wage would harm the economy, increase costs for everyone, and disadvantage minimum-wage workers. Emphasize risks such as increased unemployment, business closures, automation, or outsourcing jobs. Assert that the free market should determine wages, not government mandates. Oppose any proposals to raise the federal or state minimum wage, sometimes calling them “job killers” or “bad for small business.”","Express concern that raising the minimum wage could have negative economic side effects, but not as strongly or urgently. May acknowledge some benefits to raising the wage, but believe the risks (e.g., increased costs, possible job loss) outweigh them.  Support occasional, moderate adjustments but oppose large or rapid increases. May suggest that targeted assistance or tax credits are better solutions than raising the minimum wage.","Present facts or news about the minimum wage without expressing a clear stance. Report on minimum wage laws, changes, or debates without taking a side.
 ","Express moderate support for increasing the minimum wage, but with reservations or calls for gradual change. Argue that a modest increase could help low-wage workers afford basic living expenses. Support raising the minimum wage to match inflation or cost of living, but may worry about possible negative economic effects. May recommend incremental increases or local adjustments rather than a large federal hike.","Argue that the minimum wage is too low and must be raised urgently and significantly. Emphasize that increasing the minimum wage will reduce poverty, improve health, lower crime, and decrease inequality. Assert that raising the wage would boost the economy, increase consumer spending, and lower the federal deficit. May use strong language: “not sustainable to live on,” “poverty wage,” “time for a living wage,” etc.","Content not related to minimum wage, wage laws, or worker pay, or wage discussions outside the U.S. context.",https://www.britannica.com/procon/minimum-wage-debate,,,,,,,,,,,,
swe,swe,sexual work legalization,abbr,strongly support keeping sex work illegal,slightly support keeping sex work illegal,neutral to sex work legalization,slightly support legalizing sex work,strongly support legalizing sex work,irrelevant or no opinion on sexual work legalization,https://www.britannica.com/procon/prostitution-debate,sex work;prostitution;legal sex;pornography;sex profession;anti-sex work;criminalization sex work;decriminalization sex work;legalization sex work;legalized sex work;pro-sex work;sex labor;sex trafficking;sex work legal;sexual labor;swerf;sex worker-exclusionary radical feminist;unsafe sex work,,,,,,,,,,,
swe,swe,sexual work legalization,detail,"View prostitution as inherently exploitative and harmful, especially to women and marginalized groups. Argue it fuels trafficking, violence, and inequality. Legalization is seen as state-sanctioned abuse.","Concerned about trafficking, coercion, and health risks. May support partial reforms or stricter regulation, but oppose full legalization. Emphasize need for exit programs and protection for vulnerable people.","Present facts and policies without clear stance. Highlight both risks (trafficking, stigma) and benefits (safety, rights). Report on global examples like Germany or Amnesty International's position.","Support decriminalization to improve safety, health, and rights, but call for strong regulation. Emphasize harm reduction and better law enforcement cooperation. Still cautious about exploitation.","View sex work as legitimate labor. Call for full decriminalization, worker protections, and health access. Emphasize consent, autonomy, and ending criminal penalties for adults in consensual sex work.","Content not related to sexual work legalization, or discussions outside the U.S. context.",,,,,,,,,,,,,
schunif,schunif,school uniform,abbr,strongly support requiring uniforms,slightly support requiring uniforms,neutral to school uniforms policy,slightly support making uniforms optional,strongly support making uniforms optional,irrelevant or no opinion on school uniform,,,,,,,,,,,,,
schunif,schunif,school uniform,detail,"Argues that uniforms deter crime, increase student safety, and reduce bullying by eliminating peer pressure over clothing. Supports evidence from Long Beach and Sparks Middle School showing dramatic drops in violence and disciplinary issues after uniforms were mandated. Believes uniforms foster unity, school pride, and help students focus on learning instead of appearance. Cites legal cases upholding mandatory uniform policies as constitutional, and sees uniforms as a way to create equality and remove distractions.","Believes uniforms have some benefits, like reducing morning stress for families, saving time, and making discipline easier. Thinks uniforms may help with attendance or minor behavioral improvements. May acknowledge some downsides but believes the advantages outweigh the negatives. Supports voluntary or flexible uniform policies, or policies with opt-out provisions.","Mentions school uniforms without taking a side. May present both pros and cons, such as improved safety and unity versus concerns about self-expression and lack of academic impact. Could be a news report, a policy summary, or an individual who is undecided.","Believes uniforms should not be mandatory, but optional for those who want them. May favor strict dress codes instead of uniforms, or support uniforms only for certain grades or situations. Acknowledges some benefits of uniforms but feels that mandatory policies are unnecessary or too restrictive. Supports students’ individual rights and preferences.
","Argues that mandatory uniforms violate students’ freedom of expression and individuality. Emphasizes court cases where uniform policies were challenged on constitutional grounds. Believes uniforms do not improve academic performance, attendance, or reduce bullying, and may even increase resentment or violence. Advocates for abolishing mandatory uniform policies and allowing full personal choice in dress, except for basic decency standards.","Mentions uniforms in unrelated contexts (e.g., sports teams, military, historical costumes), or discusses clothing without reference to school policies.
",https://www.britannica.com/procon/school-uniforms-debate,,,,,,,,,,,,
ubi,ubi,universal basic income,abbr,strongly oppose adopting universal basic income,slightly oppose adopting universal basic income,neutral to universal basic income,slightly support adopting universal basic income,strongly support adopting universal basic income,irrelevant or no opinion on universal basic income,,basic necessities;tax the rich;poverty;ubi;basic income;income for everyone;universal basic income;universal income;welfare reform,,,,,,,,,,,
ubi,ubi,universal basic income,detail,"Universal basic income is a fundamentally flawed idea. It would massively increase government spending, raise taxes, and undermine the incentive to work. Giving money unconditionally to everyone, regardless of need, is wasteful and would actually increase poverty by taking resources away from targeted programs that help the truly needy. UBI would encourage laziness, reduce the workforce, and damage the economy. The idea is unrealistic, unaffordable, and would entrench low pay and precarious jobs by subsidizing employers. Adopting UBI would be a disaster for society.","Universal basic income sounds appealing in theory, but in practice, it has serious drawbacks. The costs are too high, and the benefits are unclear. UBI could end up reducing support for the poor by spreading resources too thinly across the entire population. There are concerns it might reduce motivation to work and lead to higher deficits. While it may have some positive effects, targeted welfare programs are more effective and efficient at addressing poverty.",Mentions universal basic income without taking a clear stance. Presents both pros and cons or simply describes what UBI is. No explicit support or opposition. May note that the debate is ongoing and that more evidence is needed.,"Universal basic income has potential benefits, such as reducing poverty and income inequality, improving health and education, and providing security in the face of automation. UBI could help people pursue education or better jobs and make society fairer. However, there are still concerns about cost and implementation, so more pilot programs and careful planning are needed before full adoption.
","Universal basic income is a transformative policy that would eradicate poverty, reduce inequality, and improve physical and mental health for all. UBI empowers people, supports job growth, and reduces gender inequality. Evidence from trials worldwide shows dramatic improvements in well-being, education, and economic security. UBI is urgently needed to address the challenges of automation, the gig economy, and social justice. The government should implement UBI as soon as possible.
","Not related to universal basic income (UBI). For example, discussions about unrelated welfare policies, minimum wage, general economic policy, or other topics not specifically about UBI.",https://www.britannica.com/procon/universal-basic-income-UBI-debate,,,,,,,,,,,,
