topic,description,opinion-1,opinion-2,opinion-3,opinion-4,opinion-5,keyword,topic_id
美国,对美国的态度,非常喜欢美国,喜欢美国,中立/需要客观看待,讨厌美国,非常讨厌美国,美国;中美;川普;特朗普;拜登;民主党;共和党;美帝;美丽国;间谍案;赴美;华盛顿;国会;美方;佩洛西;美国防部;大选;路透社;美台;众议院;推特;纽约;蓬佩奥;州长;TikTok;哈里斯;奥巴马,0
日本,对日本的态度,非常喜欢日本,喜欢日本,中立/需要客观看待,憎恨日本,非常憎恨日本,日本;鬼子;安倍;中日关系;核污水;军国主义;赴日旅游;小日子;东京;京都;奈良;核污染;福岛;北野武;富士山;抗日战争;日媒;日元;NHK;岸田;日军;广岛,1
俄罗斯,对俄罗斯对态度,非常讨厌俄罗斯,讨厌俄罗斯,中立/需要客观看待,喜欢俄罗斯,非常喜欢俄罗斯,俄罗斯;普京;毛子;俄乌冲突;中俄关系;战斗民族;俄乌冲突;瓦格纳;俄媒;莫斯科;俄方;俄联邦;俄国防部;俄总统,2
外交政策,对中国外交政策的看法,非常不认同中国的外交政策,有些不认同中国的外交政策,中立,基本支持中国的外交政策,完全支持中国的外交政策,,3
医生,对医生对信任度,完全不信任医生,有些时候不信任医生,中立,多数时候可以信任医生,完全信任医生,医生;医患;医者仁心;医疗纠纷;医德;白衣天使;医院;医学生;医师;手术;诊所;救护车;医疗事故;医务人员;医闹;误诊,4
中医,对中医的看法,中医完全是伪科学，只相信西医,西医比中医更有效,中医和西医差不多,中医比西医有效,完全认可中医，不认可西医,中医;中药;中成药;双黄连;板蓝根;现代医学;西医,5
医保,对医保保障体系的满意度,非常不满意,不太满意,中立,比较满意,非常满意,医疗保险;医疗保障;医保,6
贪腐,对政府腐败问题的看法,政府腐败问题非常严重,政府腐败问题比较严重,中立/不确定,政府腐败问题不太严重,几乎不存在政府腐败问题,贪官;北极鲶鱼;官二代;官三代;贪腐;贪污;反腐;纪委;落马;廉政;中央巡视组;受贿;腐败;严重违纪,7
政府管理,对政府管控的态度,政府的管控制度过于严格,政府的管控制度有些严格,中立,比较认可政府的管控制度,完全认可政府的管控制度,,8
男女平等,对男女平等问题的态度,家庭中（职场上）男女不平等问题非常严重,家庭中（职场上） 男女不平等问题比较严重,中立,家庭中（职场上）男女不平等问题不太严重,家庭中（职场上）完全不存在男女平等问题,性别歧视;独立女性;保护女性;男性群体;女性群体;性骚扰;家庭暴力;男女平等;性别刻板印象;女权主义;性别偏见;女性权益;家暴;性别对立;性别比;冠姓权,9
LGBT,对LGBT群体的看法,性取向是个人自由，完全支持LGBT群体的存在,勉强能够接受LGBT群体的存在,中立,不太能接受LGBT群体的存在,完全不能接受LGBT群体的存在,同性恋;跨性别;LGBT;gay;lesbian;男同;女同;恐同;异性恋;性少数;性别认同;性取向;同性婚姻;跨性别;性别多样性;变性手术,10
婚姻,对于婚姻的态度,是否结婚完全取决于个人的选择,是否结婚主要看个人意愿，也可以适当考虑他人的期待,中立,婚姻问题中应当考虑家人和社会的期待,必须服从家人和社会的期待，在合适的年龄结婚,催婚;相亲;结婚;婚姻;彩礼;婚后;已婚;同居;民政局;婚恋;婚龄;领证;婚育;恐婚;不婚族;相亲;逼婚;婚礼,11
生育,对于生育的态度,是否生育后代完全是个人自由,是否生育后代主要看个人意愿,中立,生育问题应当多考虑他人期待,必须服从家人和社会的期待，在合适的年龄生育后代,催生;生孩子;生育;出生人口;产假;二孩;二胎;三孩;三胎;多生;生小孩;养不起;妊娠;产妇;冻卵;新生儿;子宫;漏尿;育龄;产科;产房;分娩,12
能源与环境,对环境问题严重程度的看法,非常严重,比较严重,中立,不太严重,完全不存在环境问题,环境保护;环保;气候;全球变暖;碳中和;低碳;可持续;清洁能源;节能减排;环境污染;绿色能源;北极;极端高温;极端天气;冰川融化;巴黎协定;北冰洋;拉闸限电;节约用水,13
就业问题,对就业问题严重程度的看法,就业形势非常严峻,就业形势比较严峻,中立,就业形势不太严峻,完全不存在就业问题,找工作;裁员;就业;下岗;延迟退休;加班;求职;公务员;制造业;失业;招聘会;职场;三方;劳动合同;校招;秋招;投简历;用人单位;裸辞,14
经济,对中国经济形势的看法,经济形势非常严峻,经济形势比较严峻,中立,经济形势不太严峻,经济发展正常，完全不存在问题,大环境;经济形势;经济危机;房市;房价;利率;经济压力;经济增长;经济复苏;经济前景;刺激消费;经济增速;GDP;房地产;年收入;消费升级;消费降级;降息;收入水平,15
疫情防控,对疫情防控政策的态度,完全反对严格疫情防控,不太支持严格疫情防控,中立,比较支持严格疫情防控,非常支持严格疫情防控,防控政策;疫情防控;动态清零;核酸检测;防疫政策;健康码;集中隔离;居家隔离;健康宝;消杀;抗原;临时管控;方舱;无症状感染者;转运;层层加码;静默状态;密接,16
新冠疫苗,对新冠疫苗的态度,新冠疫苗完全没用,新冠疫苗不太有用,中立,新冠疫苗有一定作用,新冠疫苗非常有效,,17
